/*
Navicat MySQL Data Transfer

Source Server         : localhost
Source Server Version : 50714
Source Host           : localhost:3306
Source Database       : easycode-auth

Target Server Type    : MYSQL
Target Server Version : 50714
File Encoding         : 65001

Date: 2016-11-03 21:16:45
*/

SET FOREIGN_KEY_CHECKS=0;

-- ----------------------------
-- Table structure for sys_generator
-- ----------------------------
DROP TABLE IF EXISTS `sys_generator`;
CREATE TABLE `sys_generator` (
  `generatorType` varchar(32) NOT NULL COMMENT '类型 - 主键生成器类型',
  `initialVal` varchar(32) NOT NULL COMMENT '初始值',
  `currentVal` varchar(32) NOT NULL COMMENT '当前值',
  `maxVal` varchar(32) DEFAULT NULL COMMENT '最大值',
  `fetchSize` int(9) NOT NULL COMMENT '批次容量 - 每批获取的数目大小',
  `increment` int(9) NOT NULL COMMENT '增长值 - 每次增加多少',
  `isCycle` int(1) NOT NULL COMMENT '是否循环 - 值是否循环累加',
  `creator` varchar(32) NOT NULL COMMENT '创建人',
  `createTime` datetime NOT NULL COMMENT '创建时间',
  `modifier` varchar(32) NOT NULL COMMENT '修改人',
  `modifyTime` datetime NOT NULL COMMENT '修改时间',
  PRIMARY KEY (`generatorType`)
) ENGINE=InnoDB DEFAULT CHARSET=utf8 COMMENT='主键生成器 - 主键生成器';

-- ----------------------------
-- Records of sys_generator
-- ----------------------------
INSERT INTO `sys_generator` VALUES ('group_id', '359', '7359', '2147483647', '500', '1', '0', '1', '2015-03-04 12:55:40', '1', '2016-09-29 14:03:52');
INSERT INTO `sys_generator` VALUES ('img_name', 'a15b6', 'a15b6', null, '500', '1', '0', '0', '2015-10-13 08:40:41', '1', '2016-09-30 16:09:54');
INSERT INTO `sys_generator` VALUES ('key', 'a15db6f', 'a15gglr', null, '500', '49', '0', '1', '2015-03-24 16:25:49', '1', '2016-09-29 23:34:08');
INSERT INTO `sys_generator` VALUES ('log_id', '10059', '107611', '9223372036854775807', '500', '1', '0', 'a162y', '2015-04-01 12:09:43', '1', '2016-11-03 21:13:39');
INSERT INTO `sys_generator` VALUES ('nickname', 'a15b6', 'a1g42', null, '500', '1', '0', 'a162y', '2015-03-25 17:02:04', '1', '2016-09-29 21:40:16');
INSERT INTO `sys_generator` VALUES ('operation_id', '350', '9359', '2147483647', '500', '1', '1', '1', '2015-02-11 12:07:53', '1', '2016-09-29 22:42:43');
INSERT INTO `sys_generator` VALUES ('partner_id', 'a15b6', 'a4xvu', null, '500', '59', '1', '1', '2015-03-24 16:25:49', '1', '2016-09-29 23:34:08');
INSERT INTO `sys_generator` VALUES ('project_id', '359', '6859', '2147483647', '500', '1', '1', '1', '2015-03-04 14:02:33', '1', '2016-10-28 14:52:15');
INSERT INTO `sys_generator` VALUES ('role_id', '359', '10859', '2147483647', '500', '1', '0', '1', '2015-03-04 09:11:50', '1', '2016-11-01 22:42:37');
INSERT INTO `sys_generator` VALUES ('user_id', 'a15b6', 'a1jyy', null, '500', '1', '0', '1', '2015-03-04 15:38:24', '1', '2016-09-29 21:40:16');

-- ----------------------------
-- Table structure for sys_log
-- ----------------------------
DROP TABLE IF EXISTS `sys_log`;
CREATE TABLE `sys_log` (
  `id` bigint(18) NOT NULL COMMENT '主键',
  `title` varchar(512) DEFAULT NULL COMMENT '标题',
  `method` varchar(1024) DEFAULT NULL COMMENT '方法 - 执行的方法',
  `url` varchar(1024) DEFAULT NULL COMMENT '请求地址',
  `params` varchar(2048) DEFAULT NULL COMMENT '请求参数',
  `moduleType` int(9) DEFAULT NULL COMMENT '模块类型',
  `logLevel` int(1) DEFAULT NULL COMMENT '日志级别',
  `result` varchar(2048) DEFAULT NULL COMMENT '返回数据',
  `clientIp` varchar(32) DEFAULT NULL COMMENT '客户端IP',
  `errorMsg` varchar(2048) DEFAULT NULL COMMENT '错误信息',
  `creator` varchar(32) NOT NULL COMMENT '创建人',
  `createTime` datetime NOT NULL COMMENT '创建时间',
  PRIMARY KEY (`id`)
) ENGINE=InnoDB DEFAULT CHARSET=utf8 COMMENT='日志 - 记录系统日志';

-- ----------------------------
-- Records of sys_log
-- ----------------------------
INSERT INTO `sys_log` VALUES ('92611', '导入权限', 'com.easycodebox.auth.core.service.user.impl.OperationServiceImpl.importFromXml([java.io.FileInputStream@5d451416])', 'http://localhost:7080/operation/imports.json', '', '2', '2', null, '0:0:0:0:0:0:0:1', null, '1', '2016-09-30 19:49:24');
INSERT INTO `sys_log` VALUES ('92612', '导入权限', 'com.easycodebox.auth.core.service.user.impl.OperationServiceImpl.importFromXml([java.io.FileInputStream@3590d269])', 'http://localhost:7080/operation/imports.json', '', '2', '2', null, '0:0:0:0:0:0:0:1', null, '1', '2016-09-30 19:49:28');
INSERT INTO `sys_log` VALUES ('92613', '导出权限', 'com.easycodebox.auth.core.service.user.impl.OperationServiceImpl.exportToXml(operations.ftl, C:\\develop\\workspace\\beehive\\.metadata\\.plugins\\org.eclipse.wst.server.core\\tmp1\\wtpwebapps\\easycode-auth-backend\\WEB-INF\\classes\\operations)', 'http://localhost:7080/operation/exports.json', '', '2', '2', null, '0:0:0:0:0:0:0:1', null, '1', '2016-09-30 19:49:52');
INSERT INTO `sys_log` VALUES ('92614', '导入权限', 'com.easycodebox.auth.core.service.user.impl.OperationServiceImpl.importFromXml([java.io.FileInputStream@1138316])', 'http://localhost:7080/operation/imports.json', '', '2', '2', null, '0:0:0:0:0:0:0:1', null, '1', '2016-09-30 19:50:02');
INSERT INTO `sys_log` VALUES ('93111', '导入权限', 'com.easycodebox.auth.core.service.user.impl.OperationServiceImpl.importFromXml([java.io.FileInputStream@361d6df6])', 'http://localhost:7080/operation/imports.json', '', '2', '2', null, '0:0:0:0:0:0:0:1', null, '1', '2016-09-30 19:51:41');
INSERT INTO `sys_log` VALUES ('93611', '添加角色', 'com.easycodebox.auth.core.service.user.impl.RoleServiceImpl.add(Role[id=<null>,name=test,sort=0,status=OPEN,description=,remark=,roleOperations=<null>,userRoles=<null>,groupRoles=<null>,isOwn=<null>,isGroupOwn=<null>,creator=<null>,createTime=<null>,modifier=<null>,modifyTime=<null>,creatorName=<null>,modifierName=<null>])', 'http://localhost:7080/role/add.json', 'name=test&sort=0&status=OPEN&description=&remark=', '2', '2', 'Role[id=8859,name=test,sort=0,status=OPEN,description=,remark=,roleOperations=<null>,userRoles=<null>,groupRoles=<null>,isOwn=<null>,isGroupOwn=<null>,creator=1,createTime=Mon Oct 03 13:38:50 GMT+08:00 2016,modifier=1,modifyTime=Mon Oct 03 13:38:50 GMT+08:00 2016,creatorName=<null>,modifierName=<null>]', '0:0:0:0:0:0:0:1', null, '1', '2016-10-03 13:38:50');
INSERT INTO `sys_log` VALUES ('93612', '开启关闭角色', 'com.easycodebox.auth.core.service.user.impl.RoleServiceImpl.openClose([Ljava.lang.Integer;@50ee521f, CLOSE)', 'http://localhost:7080/role/openClose.json', 'status=CLOSE&ids=8859', '2', '2', '1', '0:0:0:0:0:0:0:1', null, '1', '2016-10-03 13:38:55');
INSERT INTO `sys_log` VALUES ('93613', '开启关闭角色', 'com.easycodebox.auth.core.service.user.impl.RoleServiceImpl.openClose([Ljava.lang.Integer;@70c7cb50, OPEN)', 'http://localhost:7080/role/openClose.json', 'status=OPEN&ids=8859', '2', '2', '1', '0:0:0:0:0:0:0:1', null, '1', '2016-10-03 13:38:56');
INSERT INTO `sys_log` VALUES ('93614', '修改角色', 'com.easycodebox.auth.core.service.user.impl.RoleServiceImpl.update(Role[id=8859,name=test,sort=0,status=<null>,description=,remark=,roleOperations=<null>,userRoles=<null>,groupRoles=<null>,isOwn=<null>,isGroupOwn=<null>,creator=<null>,createTime=<null>,modifier=<null>,modifyTime=<null>,creatorName=<null>,modifierName=<null>])', 'http://localhost:7080/role/update.json', 'id=8859&name=test&sort=0&description=&remark=', '2', '2', '1', '0:0:0:0:0:0:0:1', null, '1', '2016-10-03 13:39:08');
INSERT INTO `sys_log` VALUES ('93615', '配置指定角色权限', 'com.easycodebox.auth.core.service.user.impl.OperationServiceImpl.addOperationsOfRole(8859, [Ljava.lang.Long;@4b40edf3)', 'http://localhost:7080/operation/addOperationsOfRole.json', 'oprtds=102000000&oprtds=102010000&oprtds=102015500&oprtds=102015000&oprtds=102015300&oprtds=102015600&oprtds=102015100&oprtds=102015400&oprtds=102015700&oprtds=102015200&oprtds=102020000&oprtds=102025500&oprtds=102025000&oprtds=102025300&oprtds=102025600&oprtds=102025100&oprtds=102025400&oprtds=102025200&oprtds=102030000&oprtds=102035200&oprtds=102035500&oprtds=102035000&oprtds=102035300&oprtds=102035600&oprtds=102035100&oprtds=102035400&oprtds=102040000&oprtds=102045700&oprtds=102045200&oprtds=102045500&oprtds=102045000&oprtds=102045300&oprtds=102045600&oprtds=102045100&oprtds=102045400&projectIds=1359&roleId=8859', '2', '2', null, '0:0:0:0:0:0:0:1', null, '1', '2016-10-03 13:39:15');
INSERT INTO `sys_log` VALUES ('93616', '配置指定角色和项目的对应关系', 'com.easycodebox.auth.core.service.user.impl.RoleProjectServiceImpl.updateRoleProjectByRoleId(8859, [Ljava.lang.Integer;@15408c8a)', 'http://localhost:7080/operation/addOperationsOfRole.json', 'oprtds=102000000&oprtds=102010000&oprtds=102015500&oprtds=102015000&oprtds=102015300&oprtds=102015600&oprtds=102015100&oprtds=102015400&oprtds=102015700&oprtds=102015200&oprtds=102020000&oprtds=102025500&oprtds=102025000&oprtds=102025300&oprtds=102025600&oprtds=102025100&oprtds=102025400&oprtds=102025200&oprtds=102030000&oprtds=102035200&oprtds=102035500&oprtds=102035000&oprtds=102035300&oprtds=102035600&oprtds=102035100&oprtds=102035400&oprtds=102040000&oprtds=102045700&oprtds=102045200&oprtds=102045500&oprtds=102045000&oprtds=102045300&oprtds=102045600&oprtds=102045100&oprtds=102045400&projectIds=1359&roleId=8859', '2', '2', '1', '0:0:0:0:0:0:0:1', null, '1', '2016-10-03 13:39:15');
INSERT INTO `sys_log` VALUES ('93617', '逻辑删除角色', 'com.easycodebox.auth.core.service.user.impl.RoleServiceImpl.remove([Ljava.lang.Integer;@449eb26)', 'http://localhost:7080/role/remove.json', 'ids=8859', '2', '2', '1', '0:0:0:0:0:0:0:1', null, '1', '2016-10-03 13:39:20');
INSERT INTO `sys_log` VALUES ('93618', '修改组织', 'com.easycodebox.auth.core.service.user.impl.GroupServiceImpl.update(Group[id=360,parentId=<null>,name=研发部,sort=55,status=<null>,parent=<null>,children=<null>,users=<null>,groupRoles=<null>,parentName=<null>,creator=<null>,createTime=<null>,modifier=<null>,modifyTime=<null>,creatorName=<null>,modifierName=<null>])', 'http://localhost:7080/group/update.json', 'id=360&parentId=&name=研发部&sort=55', '2', '2', '1', '0:0:0:0:0:0:0:1', null, '1', '2016-10-03 13:41:02');
INSERT INTO `sys_log` VALUES ('93619', '开启关闭用户', 'com.easycodebox.auth.core.service.user.impl.UserServiceImpl.openClose([Ljava.lang.String;@885b9f1, CLOSE)', 'http://localhost:7080/user/openClose.json', 'status=CLOSE&ids=a162y', '2', '2', '1', '0:0:0:0:0:0:0:1', null, '1', '2016-10-03 13:47:16');
INSERT INTO `sys_log` VALUES ('93620', '开启关闭用户', 'com.easycodebox.auth.core.service.user.impl.UserServiceImpl.openClose([Ljava.lang.String;@1b7fb580, OPEN)', 'http://localhost:7080/user/openClose.json', 'status=OPEN&ids=a162y', '2', '2', '1', '0:0:0:0:0:0:0:1', null, '1', '2016-10-03 13:47:18');
INSERT INTO `sys_log` VALUES ('93621', '开启关闭用户', 'com.easycodebox.auth.core.service.user.impl.UserServiceImpl.openClose([Ljava.lang.String;@656d480b, CLOSE)', 'http://localhost:7080/user/openClose.json', 'status=CLOSE&ids=a162y', '2', '2', '1', '0:0:0:0:0:0:0:1', null, '1', '2016-10-03 13:47:19');
INSERT INTO `sys_log` VALUES ('93622', '开启关闭用户', 'com.easycodebox.auth.core.service.user.impl.UserServiceImpl.openClose([Ljava.lang.String;@194fa729, OPEN)', 'http://localhost:7080/user/openClose.json', 'status=OPEN&ids=a162y', '2', '2', '1', '0:0:0:0:0:0:0:1', null, '1', '2016-10-03 13:47:20');
INSERT INTO `sys_log` VALUES ('94111', '导入权限', 'com.easycodebox.auth.core.service.user.impl.OperationServiceImpl.importFromXml([java.io.FileInputStream@479d6092])', 'http://localhost:7080/operation/imports.json', '', '2', '2', null, '0:0:0:0:0:0:0:1', null, '1', '2016-10-18 14:45:57');
INSERT INTO `sys_log` VALUES ('94112', '配置指定角色权限', 'com.easycodebox.auth.core.service.user.impl.OperationServiceImpl.addOperationsOfRole(3859, [Ljava.lang.Long;@650bf8be)', 'http://localhost:7080/operation/addOperationsOfRole.json', 'oprtds=101000000&oprtds=101010000&oprtds=101015100&oprtds=101015200&oprtds=101015000&oprtds=101020000&oprtds=101025300&oprtds=101025100&oprtds=101025400&oprtds=101025200&oprtds=101025000&oprtds=101030000&oprtds=101035100&oprtds=101035200&oprtds=101035000&oprtds=101040000&oprtds=101045000&oprtds=101045300&oprtds=101045100&oprtds=101045400&oprtds=101045200&oprtds=102000000&oprtds=102020000&oprtds=102025500&oprtds=102025000&oprtds=102025300&oprtds=102025600&oprtds=102025100&oprtds=102025400&oprtds=102025700&oprtds=102025200&oprtds=102030000&oprtds=102035200&oprtds=102035500&oprtds=102035000&oprtds=102035300&oprtds=102035600&oprtds=102035100&oprtds=102035400&oprtds=102035700&oprtds=102040000&oprtds=102045700&oprtds=102045200&oprtds=102045500&oprtds=102045000&oprtds=102045300&oprtds=102045600&oprtds=102045100&oprtds=102045400&projectIds=1359&roleId=3859', '2', '2', null, '0:0:0:0:0:0:0:1', null, '1', '2016-10-18 14:53:58');
INSERT INTO `sys_log` VALUES ('94113', '配置指定角色和项目的对应关系', 'com.easycodebox.auth.core.service.user.impl.RoleProjectServiceImpl.updateRoleProjectByRoleId(3859, [Ljava.lang.Integer;@12ccfb03)', 'http://localhost:7080/operation/addOperationsOfRole.json', 'oprtds=101000000&oprtds=101010000&oprtds=101015100&oprtds=101015200&oprtds=101015000&oprtds=101020000&oprtds=101025300&oprtds=101025100&oprtds=101025400&oprtds=101025200&oprtds=101025000&oprtds=101030000&oprtds=101035100&oprtds=101035200&oprtds=101035000&oprtds=101040000&oprtds=101045000&oprtds=101045300&oprtds=101045100&oprtds=101045400&oprtds=101045200&oprtds=102000000&oprtds=102020000&oprtds=102025500&oprtds=102025000&oprtds=102025300&oprtds=102025600&oprtds=102025100&oprtds=102025400&oprtds=102025700&oprtds=102025200&oprtds=102030000&oprtds=102035200&oprtds=102035500&oprtds=102035000&oprtds=102035300&oprtds=102035600&oprtds=102035100&oprtds=102035400&oprtds=102035700&oprtds=102040000&oprtds=102045700&oprtds=102045200&oprtds=102045500&oprtds=102045000&oprtds=102045300&oprtds=102045600&oprtds=102045100&oprtds=102045400&projectIds=1359&roleId=3859', '2', '2', '1', '0:0:0:0:0:0:0:1', null, '1', '2016-10-18 14:53:58');
INSERT INTO `sys_log` VALUES ('94611', '配置用户的角色', 'com.easycodebox.auth.core.service.user.impl.RoleServiceImpl.installRolesOfUser(a162y, [Ljava.lang.Integer;@49777052)', 'http://localhost:7080/role/cfgByUserId.json', 'userId=a162y&roleIds=3859', '2', '2', null, '0:0:0:0:0:0:0:1', null, '1', '2016-10-18 16:13:54');
INSERT INTO `sys_log` VALUES ('94612', '配置指定角色权限', 'com.easycodebox.auth.core.service.user.impl.OperationServiceImpl.addOperationsOfRole(3859, [Ljava.lang.Long;@7ee1d2f9)', 'http://localhost:7080/operation/addOperationsOfRole.json', 'oprtds=101000000&oprtds=101010000&oprtds=101015100&oprtds=101015200&oprtds=101015000&oprtds=101020000&oprtds=101025300&oprtds=101025100&oprtds=101025400&oprtds=101025200&oprtds=101025000&oprtds=101030000&oprtds=101035100&oprtds=101035200&oprtds=101035000&oprtds=101040000&oprtds=101045000&oprtds=101045300&oprtds=101045100&oprtds=101045400&oprtds=101045200&oprtds=102000000&oprtds=102010000&oprtds=102015000&oprtds=102015800&oprtds=102015300&oprtds=102015600&oprtds=102015100&oprtds=102015700&oprtds=102015200&oprtds=102020000&oprtds=102025500&oprtds=102025000&oprtds=102025300&oprtds=102025600&oprtds=102025100&oprtds=102025400&oprtds=102025700&oprtds=102025200&oprtds=102030000&oprtds=102035200&oprtds=102035500&oprtds=102035000&oprtds=102035300&oprtds=102035600&oprtds=102035100&oprtds=102035400&oprtds=102035700&oprtds=102040000&oprtds=102045700&oprtds=102045200&oprtds=102045500&oprtds=102045000&oprtds=102045300&oprtds=102045600&oprtds=102045100&oprtds=102045400&projectIds=1359&roleId=3859', '2', '2', null, '0:0:0:0:0:0:0:1', null, 'a162y', '2016-10-18 16:14:41');
INSERT INTO `sys_log` VALUES ('94613', '配置指定角色和项目的对应关系', 'com.easycodebox.auth.core.service.user.impl.RoleProjectServiceImpl.updateRoleProjectByRoleId(3859, [Ljava.lang.Integer;@176c872c)', 'http://localhost:7080/operation/addOperationsOfRole.json', 'oprtds=101000000&oprtds=101010000&oprtds=101015100&oprtds=101015200&oprtds=101015000&oprtds=101020000&oprtds=101025300&oprtds=101025100&oprtds=101025400&oprtds=101025200&oprtds=101025000&oprtds=101030000&oprtds=101035100&oprtds=101035200&oprtds=101035000&oprtds=101040000&oprtds=101045000&oprtds=101045300&oprtds=101045100&oprtds=101045400&oprtds=101045200&oprtds=102000000&oprtds=102010000&oprtds=102015000&oprtds=102015800&oprtds=102015300&oprtds=102015600&oprtds=102015100&oprtds=102015700&oprtds=102015200&oprtds=102020000&oprtds=102025500&oprtds=102025000&oprtds=102025300&oprtds=102025600&oprtds=102025100&oprtds=102025400&oprtds=102025700&oprtds=102025200&oprtds=102030000&oprtds=102035200&oprtds=102035500&oprtds=102035000&oprtds=102035300&oprtds=102035600&oprtds=102035100&oprtds=102035400&oprtds=102035700&oprtds=102040000&oprtds=102045700&oprtds=102045200&oprtds=102045500&oprtds=102045000&oprtds=102045300&oprtds=102045600&oprtds=102045100&oprtds=102045400&projectIds=1359&roleId=3859', '2', '2', '1', '0:0:0:0:0:0:0:1', null, 'a162y', '2016-10-18 16:14:41');
INSERT INTO `sys_log` VALUES ('95111', '配置组织的角色', 'com.easycodebox.auth.core.service.user.impl.RoleServiceImpl.installRolesOfGroup(360, [Ljava.lang.Integer;@ccc33ae)', 'http://localhost:7080/role/cfgByGroupId.json', 'groupId=360&roleIds=1361', '2', '2', null, '0:0:0:0:0:0:0:1', null, 'a162y', '2016-10-18 19:32:09');
INSERT INTO `sys_log` VALUES ('95112', '修改组织', 'com.easycodebox.auth.core.service.user.impl.GroupServiceImpl.update(Group[id=360,parentId=<null>,name=研发部,sort=55,status=<null>,parent=<null>,children=<null>,users=<null>,groupRoles=<null>,parentName=<null>,creator=<null>,createTime=<null>,modifier=<null>,modifyTime=<null>,creatorName=<null>,modifierName=<null>])', 'http://localhost:7080/group/update.json', 'id=360&parentId=&name=研发部&sort=55', '2', '2', '1', '0:0:0:0:0:0:0:1', null, 'a162y', '2016-10-18 19:32:15');
INSERT INTO `sys_log` VALUES ('95113', '修改组织', 'com.easycodebox.auth.core.service.user.impl.GroupServiceImpl.update(Group[id=360,parentId=<null>,name=研发部,sort=55,status=<null>,parent=<null>,children=<null>,users=<null>,groupRoles=<null>,parentName=<null>,creator=<null>,createTime=<null>,modifier=<null>,modifyTime=<null>,creatorName=<null>,modifierName=<null>])', 'http://localhost:7080/group/update.json', 'id=360&parentId=&name=研发部&sort=55', '2', '2', '1', '0:0:0:0:0:0:0:1', null, 'a162y', '2016-10-18 19:32:40');
INSERT INTO `sys_log` VALUES ('95611', '逻辑删除合作商', 'com.easycodebox.auth.core.service.sys.impl.PartnerServiceImpl.remove([Ljava.lang.String;@18578491)', null, null, '1', '2', '0', null, null, '0', '2016-10-19 10:06:23');
INSERT INTO `sys_log` VALUES ('95612', '修改角色', 'com.easycodebox.auth.core.service.user.impl.RoleServiceImpl.update(Role[id=3859,name=管理员,sort=9,status=OPEN,description=xxx,remark=<null>,roleOperations=<null>,userRoles=<null>,groupRoles=<null>,isOwn=<null>,isGroupOwn=<null>,creator=<null>,createTime=<null>,modifier=<null>,modifyTime=<null>,creatorName=<null>,modifierName=<null>])', null, null, '2', '2', '1', null, null, '0', '2016-10-19 10:06:23');
INSERT INTO `sys_log` VALUES ('96111', '添加角色', 'com.easycodebox.auth.core.service.user.impl.RoleServiceImpl.add(Role[id=<null>,name=test2087227496179719890,sort=0,status=<null>,description=<null>,remark=<null>,roleOperations=<null>,userRoles=<null>,groupRoles=<null>,isOwn=<null>,isGroupOwn=<null>,creator=<null>,createTime=<null>,modifier=<null>,modifyTime=<null>,creatorName=<null>,modifierName=<null>])', null, null, '2', '2', 'Role[id=9359,name=test2087227496179719890,sort=0,status=OPEN,description=<null>,remark=<null>,roleOperations=<null>,userRoles=<null>,groupRoles=<null>,isOwn=<null>,isGroupOwn=<null>,creator=0,createTime=Wed Oct 19 12:36:11 GMT+08:00 2016,modifier=0,modifyTime=Wed Oct 19 12:36:11 GMT+08:00 2016,creatorName=<null>,modifierName=<null>]', null, null, '0', '2016-10-19 12:36:11');
INSERT INTO `sys_log` VALUES ('96611', '修改角色', 'com.easycodebox.auth.core.service.user.impl.RoleServiceImpl.update(Role[id=8859,name=test:984,sort=9,status=<null>,description=xxx,remark=<null>,roleOperations=<null>,userRoles=<null>,groupRoles=<null>,isOwn=<null>,isGroupOwn=<null>,creator=<null>,createTime=<null>,modifier=<null>,modifyTime=<null>,creatorName=<null>,modifierName=<null>])', null, null, '2', '2', '1', null, null, '0', '2016-10-19 12:38:09');
INSERT INTO `sys_log` VALUES ('97111', '添加角色', 'com.easycodebox.auth.core.service.user.impl.RoleServiceImpl.add(Role[id=<null>,name=test399,sort=0,status=<null>,description=<null>,remark=<null>,roleOperations=<null>,userRoles=<null>,groupRoles=<null>,isOwn=<null>,isGroupOwn=<null>,creator=<null>,createTime=<null>,modifier=<null>,modifyTime=<null>,creatorName=<null>,modifierName=<null>])', null, null, '2', '2', 'Role[id=9859,name=test399,sort=0,status=OPEN,description=<null>,remark=<null>,roleOperations=<null>,userRoles=<null>,groupRoles=<null>,isOwn=<null>,isGroupOwn=<null>,creator=0,createTime=Wed Oct 19 12:38:44 GMT+08:00 2016,modifier=0,modifyTime=Wed Oct 19 12:38:44 GMT+08:00 2016,creatorName=<null>,modifierName=<null>]', null, null, '0', '2016-10-19 12:38:44');
INSERT INTO `sys_log` VALUES ('97611', '开启关闭角色', 'com.easycodebox.auth.core.service.user.impl.RoleServiceImpl.openClose([Ljava.lang.Integer;@5f765585, CLOSE)', 'http://localhost:7080/role/openClose.json', 'status=CLOSE&ids=8859', '2', '2', '1', '0:0:0:0:0:0:0:1', null, 'a162y', '2016-10-20 00:04:41');
INSERT INTO `sys_log` VALUES ('97612', '开启关闭角色', 'com.easycodebox.auth.core.service.user.impl.RoleServiceImpl.openClose([Ljava.lang.Integer;@6ecd0aac, OPEN)', 'http://localhost:7080/role/openClose.json', 'status=OPEN&ids=8859', '2', '2', '1', '0:0:0:0:0:0:0:1', null, 'a162y', '2016-10-20 00:04:43');
INSERT INTO `sys_log` VALUES ('97613', '逻辑删除角色', 'com.easycodebox.auth.core.service.user.impl.RoleServiceImpl.remove([Ljava.lang.Integer;@e9d80c6)', 'http://localhost:7080/role/remove.json', 'ids=8859', '2', '2', '1', '0:0:0:0:0:0:0:1', null, 'a162y', '2016-10-20 00:04:52');
INSERT INTO `sys_log` VALUES ('98111', '逻辑删除合作商', 'com.easycodebox.auth.core.service.sys.impl.PartnerServiceImpl.remove([Ljava.lang.String;@7a360554)', null, null, '1', '2', '0', null, null, '0', '2016-10-20 00:08:46');
INSERT INTO `sys_log` VALUES ('98611', '逻辑删除合作商', 'com.easycodebox.auth.core.service.sys.impl.PartnerServiceImpl.remove([Ljava.lang.String;@70730db)', null, null, '1', '2', '0', null, null, '0', '2016-10-20 09:10:38');
INSERT INTO `sys_log` VALUES ('99111', '逻辑删除合作商', 'com.easycodebox.auth.core.service.sys.impl.PartnerServiceImpl.remove([Ljava.lang.String;@5793b87)', null, null, '1', '2', '0', null, null, '0', '2016-10-20 12:09:56');
INSERT INTO `sys_log` VALUES ('99611', '逻辑删除合作商', 'com.easycodebox.auth.core.service.sys.impl.PartnerServiceImpl.remove([Ljava.lang.String;@67064bdc)', null, null, '1', '2', '0', null, null, '0', '2016-10-20 12:30:52');
INSERT INTO `sys_log` VALUES ('100111', '逻辑删除合作商', 'com.easycodebox.auth.core.service.sys.impl.PartnerServiceImpl.remove([Ljava.lang.String;@67064bdc)', null, null, '1', '2', '0', null, null, '0', '2016-10-20 14:19:25');
INSERT INTO `sys_log` VALUES ('100611', '逻辑删除合作商', 'com.easycodebox.auth.core.service.sys.impl.PartnerServiceImpl.remove([Ljava.lang.String;@67064bdc)', null, null, '1', '2', '0', null, null, '0', '2016-10-20 14:43:35');
INSERT INTO `sys_log` VALUES ('101111', '逻辑删除合作商', 'com.easycodebox.auth.core.service.sys.impl.PartnerServiceImpl.remove([Ljava.lang.String;@67064bdc)', null, null, '1', '2', '0', null, null, '0', '2016-10-20 19:51:22');
INSERT INTO `sys_log` VALUES ('101611', '逻辑删除合作商', 'com.easycodebox.auth.core.service.sys.impl.PartnerServiceImpl.remove([Ljava.lang.String;@15405bd6)', null, null, '1', '2', '0', null, null, '0', '2016-10-20 20:44:51');
INSERT INTO `sys_log` VALUES ('102111', '导入权限', 'com.easycodebox.auth.core.service.user.impl.OperationServiceImpl.importFromXml(java.io.FileInputStream@1c4e4fdd)', 'http://localhost:7080/operation/imports', '', '2', '4', null, '0:0:0:0:0:0:0:1', 'org.dom4j.DocumentException: Error on line 1 of document  : 前言中不允许有内容。 Nested exception: 前言中不允许有内容。\r\n	at org.dom4j.io.SAXReader.read(SAXReader.java:482)\r\n	at org.dom4j.io.SAXReader.read(SAXReader.java:343)\r\n	at com.easycodebox.auth.core.service.user.impl.OperationServiceImpl.importFromXml(OperationServiceImpl.java:242)\r\n	at sun.reflect.NativeMethodAccessorImpl.invoke0(Native Method)\r\n	at sun.reflect.NativeMethodAccessorImpl.invoke(NativeMethodAccessorImpl.java:62)\r\n	at sun.reflect.DelegatingMethodAccessorImpl.invoke(DelegatingMethodAccessorImpl.java:43)\r\n	at java.lang.reflect.Method.invoke(Method.java:498)\r\n	at org.springframework.aop.support.AopUtils.invokeJoinpointUsingReflection(AopUtils.java:302)\r\n	at org.springframework.aop.framework.ReflectiveMethodInvocation.invokeJoinpoint(ReflectiveMethodInvocation.java:190)\r\n	at org.springframework.aop.framework.ReflectiveMethodInvocation.proceed(ReflectiveMethodInvocation.java:157)\r\n	at org.springframework.cache.interceptor.CacheInterceptor$1.invoke(CacheInterceptor.java:52)\r\n	at org.springframework.cache.interceptor.CacheAspectSupport.invokeOperation(CacheAspectSupport.java:320)\r\n	at org.springframework.cache.interceptor.CacheAspectSupport.execute(CacheAspectSupport.java:353)\r\n	at org.springframework.cache.interceptor.CacheAspectSupport.execute(CacheAspectSupport.java:302)\r\n	at org.springframework.cache.interceptor.CacheInterceptor.invoke(CacheInterceptor.java:61)\r\n	at org.springframework.aop.framework.ReflectiveMethodInvocation.proceed(ReflectiveMethodInvocation.java:179)\r\n	at org.springframework.transaction.interceptor.TransactionInterceptor$1.proceedWithInvocation(TransactionInterceptor.java:99)\r\n	at org.springframework.transaction.interceptor.TransactionAspectSupport.invokeWithinTransaction(TransactionAspectSupport.java:281)\r\n	at org.springframework.transaction.interceptor.TransactionInterceptor.invoke(TransactionInterceptor.java:96)\r\n	at org.springframework.aop.framework.ReflectiveMethodInvocation.proceed(ReflectiveMethodInvocation.java:179)\r\n	at org.springframew', '1', '2016-10-27 12:29:02');
INSERT INTO `sys_log` VALUES ('102112', '导入权限', 'com.easycodebox.auth.core.service.user.impl.OperationServiceImpl.importFromXml(java.io.FileInputStream@3e9b4d95)', 'http://localhost:7080/operation/imports', '', '2', '4', null, '0:0:0:0:0:0:0:1', 'org.dom4j.DocumentException: Illegal character in URL Nested exception: Illegal character in URL\r\n	at org.dom4j.io.SAXReader.read(SAXReader.java:484)\r\n	at org.dom4j.io.SAXReader.read(SAXReader.java:343)\r\n	at com.easycodebox.auth.core.service.user.impl.OperationServiceImpl.importFromXml(OperationServiceImpl.java:242)\r\n	at sun.reflect.NativeMethodAccessorImpl.invoke0(Native Method)\r\n	at sun.reflect.NativeMethodAccessorImpl.invoke(NativeMethodAccessorImpl.java:62)\r\n	at sun.reflect.DelegatingMethodAccessorImpl.invoke(DelegatingMethodAccessorImpl.java:43)\r\n	at java.lang.reflect.Method.invoke(Method.java:498)\r\n	at org.springframework.aop.support.AopUtils.invokeJoinpointUsingReflection(AopUtils.java:302)\r\n	at org.springframework.aop.framework.ReflectiveMethodInvocation.invokeJoinpoint(ReflectiveMethodInvocation.java:190)\r\n	at org.springframework.aop.framework.ReflectiveMethodInvocation.proceed(ReflectiveMethodInvocation.java:157)\r\n	at org.springframework.cache.interceptor.CacheInterceptor$1.invoke(CacheInterceptor.java:52)\r\n	at org.springframework.cache.interceptor.CacheAspectSupport.invokeOperation(CacheAspectSupport.java:320)\r\n	at org.springframework.cache.interceptor.CacheAspectSupport.execute(CacheAspectSupport.java:353)\r\n	at org.springframework.cache.interceptor.CacheAspectSupport.execute(CacheAspectSupport.java:302)\r\n	at org.springframework.cache.interceptor.CacheInterceptor.invoke(CacheInterceptor.java:61)\r\n	at org.springframework.aop.framework.ReflectiveMethodInvocation.proceed(ReflectiveMethodInvocation.java:179)\r\n	at org.springframework.transaction.interceptor.TransactionInterceptor$1.proceedWithInvocation(TransactionInterceptor.java:99)\r\n	at org.springframework.transaction.interceptor.TransactionAspectSupport.invokeWithinTransaction(TransactionAspectSupport.java:281)\r\n	at org.springframework.transaction.interceptor.TransactionInterceptor.invoke(TransactionInterceptor.java:96)\r\n	at org.springframework.aop.framework.ReflectiveMethodInvocation.proceed(ReflectiveMethodInvocation.java:179)\r\n	at org.springframework', '1', '2016-10-27 12:30:53');
INSERT INTO `sys_log` VALUES ('102611', '导入权限', 'com.easycodebox.auth.core.service.user.impl.OperationServiceImpl.importFromXml(java.io.FileInputStream@6b77d127)', 'http://localhost:7080/operation/imports', '', '2', '4', null, '0:0:0:0:0:0:0:1', 'org.dom4j.DocumentException: Illegal character in URL Nested exception: Illegal character in URL\r\n	at org.dom4j.io.SAXReader.read(SAXReader.java:484)\r\n	at org.dom4j.io.SAXReader.read(SAXReader.java:343)\r\n	at com.easycodebox.auth.core.service.user.impl.OperationServiceImpl.importFromXml(OperationServiceImpl.java:242)\r\n	at sun.reflect.NativeMethodAccessorImpl.invoke0(Native Method)\r\n	at sun.reflect.NativeMethodAccessorImpl.invoke(NativeMethodAccessorImpl.java:62)\r\n	at sun.reflect.DelegatingMethodAccessorImpl.invoke(DelegatingMethodAccessorImpl.java:43)\r\n	at java.lang.reflect.Method.invoke(Method.java:498)\r\n	at org.springframework.aop.support.AopUtils.invokeJoinpointUsingReflection(AopUtils.java:302)\r\n	at org.springframework.aop.framework.ReflectiveMethodInvocation.invokeJoinpoint(ReflectiveMethodInvocation.java:190)\r\n	at org.springframework.aop.framework.ReflectiveMethodInvocation.proceed(ReflectiveMethodInvocation.java:157)\r\n	at org.springframework.cache.interceptor.CacheInterceptor$1.invoke(CacheInterceptor.java:52)\r\n	at org.springframework.cache.interceptor.CacheAspectSupport.invokeOperation(CacheAspectSupport.java:320)\r\n	at org.springframework.cache.interceptor.CacheAspectSupport.execute(CacheAspectSupport.java:353)\r\n	at org.springframework.cache.interceptor.CacheAspectSupport.execute(CacheAspectSupport.java:302)\r\n	at org.springframework.cache.interceptor.CacheInterceptor.invoke(CacheInterceptor.java:61)\r\n	at org.springframework.aop.framework.ReflectiveMethodInvocation.proceed(ReflectiveMethodInvocation.java:179)\r\n	at org.springframework.transaction.interceptor.TransactionInterceptor$1.proceedWithInvocation(TransactionInterceptor.java:99)\r\n	at org.springframework.transaction.interceptor.TransactionAspectSupport.invokeWithinTransaction(TransactionAspectSupport.java:281)\r\n	at org.springframework.transaction.interceptor.TransactionInterceptor.invoke(TransactionInterceptor.java:96)\r\n	at org.springframework.aop.framework.ReflectiveMethodInvocation.proceed(ReflectiveMethodInvocation.java:179)\r\n	at org.springframework', '1', '2016-10-27 12:34:34');
INSERT INTO `sys_log` VALUES ('102612', '导入权限', 'com.easycodebox.auth.core.service.user.impl.OperationServiceImpl.importFromXml(java.io.FileInputStream@346c4f65)', 'http://localhost:7080/operation/imports', '', '2', '4', null, '0:0:0:0:0:0:0:1', 'org.dom4j.DocumentException: Illegal character in URL Nested exception: Illegal character in URL\r\n	at org.dom4j.io.SAXReader.read(SAXReader.java:484)\r\n	at org.dom4j.io.SAXReader.read(SAXReader.java:343)\r\n	at com.easycodebox.auth.core.service.user.impl.OperationServiceImpl.importFromXml(OperationServiceImpl.java:242)\r\n	at sun.reflect.NativeMethodAccessorImpl.invoke0(Native Method)\r\n	at sun.reflect.NativeMethodAccessorImpl.invoke(NativeMethodAccessorImpl.java:62)\r\n	at sun.reflect.DelegatingMethodAccessorImpl.invoke(DelegatingMethodAccessorImpl.java:43)\r\n	at java.lang.reflect.Method.invoke(Method.java:498)\r\n	at org.springframework.aop.support.AopUtils.invokeJoinpointUsingReflection(AopUtils.java:302)\r\n	at org.springframework.aop.framework.ReflectiveMethodInvocation.invokeJoinpoint(ReflectiveMethodInvocation.java:190)\r\n	at org.springframework.aop.framework.ReflectiveMethodInvocation.proceed(ReflectiveMethodInvocation.java:157)\r\n	at org.springframework.cache.interceptor.CacheInterceptor$1.invoke(CacheInterceptor.java:52)\r\n	at org.springframework.cache.interceptor.CacheAspectSupport.invokeOperation(CacheAspectSupport.java:320)\r\n	at org.springframework.cache.interceptor.CacheAspectSupport.execute(CacheAspectSupport.java:353)\r\n	at org.springframework.cache.interceptor.CacheAspectSupport.execute(CacheAspectSupport.java:302)\r\n	at org.springframework.cache.interceptor.CacheInterceptor.invoke(CacheInterceptor.java:61)\r\n	at org.springframework.aop.framework.ReflectiveMethodInvocation.proceed(ReflectiveMethodInvocation.java:179)\r\n	at org.springframework.transaction.interceptor.TransactionInterceptor$1.proceedWithInvocation(TransactionInterceptor.java:99)\r\n	at org.springframework.transaction.interceptor.TransactionAspectSupport.invokeWithinTransaction(TransactionAspectSupport.java:281)\r\n	at org.springframework.transaction.interceptor.TransactionInterceptor.invoke(TransactionInterceptor.java:96)\r\n	at org.springframework.aop.framework.ReflectiveMethodInvocation.proceed(ReflectiveMethodInvocation.java:179)\r\n	at org.springframework', '1', '2016-10-27 12:35:21');
INSERT INTO `sys_log` VALUES ('102613', '导入权限', 'com.easycodebox.auth.core.service.user.impl.OperationServiceImpl.importFromXml(java.io.FileInputStream@1e3999c9)', 'http://localhost:7080/operation/imports', '', '2', '4', null, '0:0:0:0:0:0:0:1', 'org.dom4j.DocumentException: Error on line 1 of document  : 前言中不允许有内容。 Nested exception: 前言中不允许有内容。\r\n	at org.dom4j.io.SAXReader.read(SAXReader.java:482)\r\n	at org.dom4j.io.SAXReader.read(SAXReader.java:343)\r\n	at com.easycodebox.auth.core.service.user.impl.OperationServiceImpl.importFromXml(OperationServiceImpl.java:242)\r\n	at sun.reflect.NativeMethodAccessorImpl.invoke0(Native Method)\r\n	at sun.reflect.NativeMethodAccessorImpl.invoke(NativeMethodAccessorImpl.java:62)\r\n	at sun.reflect.DelegatingMethodAccessorImpl.invoke(DelegatingMethodAccessorImpl.java:43)\r\n	at java.lang.reflect.Method.invoke(Method.java:498)\r\n	at org.springframework.aop.support.AopUtils.invokeJoinpointUsingReflection(AopUtils.java:302)\r\n	at org.springframework.aop.framework.ReflectiveMethodInvocation.invokeJoinpoint(ReflectiveMethodInvocation.java:190)\r\n	at org.springframework.aop.framework.ReflectiveMethodInvocation.proceed(ReflectiveMethodInvocation.java:157)\r\n	at org.springframework.cache.interceptor.CacheInterceptor$1.invoke(CacheInterceptor.java:52)\r\n	at org.springframework.cache.interceptor.CacheAspectSupport.invokeOperation(CacheAspectSupport.java:320)\r\n	at org.springframework.cache.interceptor.CacheAspectSupport.execute(CacheAspectSupport.java:353)\r\n	at org.springframework.cache.interceptor.CacheAspectSupport.execute(CacheAspectSupport.java:302)\r\n	at org.springframework.cache.interceptor.CacheInterceptor.invoke(CacheInterceptor.java:61)\r\n	at org.springframework.aop.framework.ReflectiveMethodInvocation.proceed(ReflectiveMethodInvocation.java:179)\r\n	at org.springframework.transaction.interceptor.TransactionInterceptor$1.proceedWithInvocation(TransactionInterceptor.java:99)\r\n	at org.springframework.transaction.interceptor.TransactionAspectSupport.invokeWithinTransaction(TransactionAspectSupport.java:281)\r\n	at org.springframework.transaction.interceptor.TransactionInterceptor.invoke(TransactionInterceptor.java:96)\r\n	at org.springframework.aop.framework.ReflectiveMethodInvocation.proceed(ReflectiveMethodInvocation.java:179)\r\n	at org.springframew', '1', '2016-10-27 12:43:57');
INSERT INTO `sys_log` VALUES ('102614', '导入权限', 'com.easycodebox.auth.core.service.user.impl.OperationServiceImpl.importFromXml(java.io.FileInputStream@64720c8b)', 'http://localhost:7080/operation/imports', '', '2', '4', null, '0:0:0:0:0:0:0:1', 'org.dom4j.DocumentException: Illegal character in URL Nested exception: Illegal character in URL\r\n	at org.dom4j.io.SAXReader.read(SAXReader.java:484)\r\n	at org.dom4j.io.SAXReader.read(SAXReader.java:343)\r\n	at com.easycodebox.auth.core.service.user.impl.OperationServiceImpl.importFromXml(OperationServiceImpl.java:242)\r\n	at sun.reflect.NativeMethodAccessorImpl.invoke0(Native Method)\r\n	at sun.reflect.NativeMethodAccessorImpl.invoke(NativeMethodAccessorImpl.java:62)\r\n	at sun.reflect.DelegatingMethodAccessorImpl.invoke(DelegatingMethodAccessorImpl.java:43)\r\n	at java.lang.reflect.Method.invoke(Method.java:498)\r\n	at org.springframework.aop.support.AopUtils.invokeJoinpointUsingReflection(AopUtils.java:302)\r\n	at org.springframework.aop.framework.ReflectiveMethodInvocation.invokeJoinpoint(ReflectiveMethodInvocation.java:190)\r\n	at org.springframework.aop.framework.ReflectiveMethodInvocation.proceed(ReflectiveMethodInvocation.java:157)\r\n	at org.springframework.cache.interceptor.CacheInterceptor$1.invoke(CacheInterceptor.java:52)\r\n	at org.springframework.cache.interceptor.CacheAspectSupport.invokeOperation(CacheAspectSupport.java:320)\r\n	at org.springframework.cache.interceptor.CacheAspectSupport.execute(CacheAspectSupport.java:353)\r\n	at org.springframework.cache.interceptor.CacheAspectSupport.execute(CacheAspectSupport.java:302)\r\n	at org.springframework.cache.interceptor.CacheInterceptor.invoke(CacheInterceptor.java:61)\r\n	at org.springframework.aop.framework.ReflectiveMethodInvocation.proceed(ReflectiveMethodInvocation.java:179)\r\n	at org.springframework.transaction.interceptor.TransactionInterceptor$1.proceedWithInvocation(TransactionInterceptor.java:99)\r\n	at org.springframework.transaction.interceptor.TransactionAspectSupport.invokeWithinTransaction(TransactionAspectSupport.java:281)\r\n	at org.springframework.transaction.interceptor.TransactionInterceptor.invoke(TransactionInterceptor.java:96)\r\n	at org.springframework.aop.framework.ReflectiveMethodInvocation.proceed(ReflectiveMethodInvocation.java:179)\r\n	at org.springframework', '1', '2016-10-27 12:44:01');
INSERT INTO `sys_log` VALUES ('102615', '导入权限', 'com.easycodebox.auth.core.service.user.impl.OperationServiceImpl.importFromXml(java.io.FileInputStream@36f703e1)', 'http://localhost:7080/operation/imports', '', '2', '4', null, '0:0:0:0:0:0:0:1', 'org.dom4j.DocumentException: Error on line 1 of document  : 前言中不允许有内容。 Nested exception: 前言中不允许有内容。\r\n	at org.dom4j.io.SAXReader.read(SAXReader.java:482)\r\n	at org.dom4j.io.SAXReader.read(SAXReader.java:343)\r\n	at com.easycodebox.auth.core.service.user.impl.OperationServiceImpl.importFromXml(OperationServiceImpl.java:242)\r\n	at sun.reflect.NativeMethodAccessorImpl.invoke0(Native Method)\r\n	at sun.reflect.NativeMethodAccessorImpl.invoke(NativeMethodAccessorImpl.java:62)\r\n	at sun.reflect.DelegatingMethodAccessorImpl.invoke(DelegatingMethodAccessorImpl.java:43)\r\n	at java.lang.reflect.Method.invoke(Method.java:498)\r\n	at org.springframework.aop.support.AopUtils.invokeJoinpointUsingReflection(AopUtils.java:302)\r\n	at org.springframework.aop.framework.ReflectiveMethodInvocation.invokeJoinpoint(ReflectiveMethodInvocation.java:190)\r\n	at org.springframework.aop.framework.ReflectiveMethodInvocation.proceed(ReflectiveMethodInvocation.java:157)\r\n	at org.springframework.cache.interceptor.CacheInterceptor$1.invoke(CacheInterceptor.java:52)\r\n	at org.springframework.cache.interceptor.CacheAspectSupport.invokeOperation(CacheAspectSupport.java:320)\r\n	at org.springframework.cache.interceptor.CacheAspectSupport.execute(CacheAspectSupport.java:353)\r\n	at org.springframework.cache.interceptor.CacheAspectSupport.execute(CacheAspectSupport.java:302)\r\n	at org.springframework.cache.interceptor.CacheInterceptor.invoke(CacheInterceptor.java:61)\r\n	at org.springframework.aop.framework.ReflectiveMethodInvocation.proceed(ReflectiveMethodInvocation.java:179)\r\n	at org.springframework.transaction.interceptor.TransactionInterceptor$1.proceedWithInvocation(TransactionInterceptor.java:99)\r\n	at org.springframework.transaction.interceptor.TransactionAspectSupport.invokeWithinTransaction(TransactionAspectSupport.java:281)\r\n	at org.springframework.transaction.interceptor.TransactionInterceptor.invoke(TransactionInterceptor.java:96)\r\n	at org.springframework.aop.framework.ReflectiveMethodInvocation.proceed(ReflectiveMethodInvocation.java:179)\r\n	at org.springframew', '1', '2016-10-27 12:44:23');
INSERT INTO `sys_log` VALUES ('102616', '导入权限', 'com.easycodebox.auth.core.service.user.impl.OperationServiceImpl.importFromXml(java.io.FileInputStream@d07a937)', 'http://localhost:7080/operation/imports', '', '2', '4', null, '0:0:0:0:0:0:0:1', 'org.dom4j.DocumentException: Error on line 1 of document  : 前言中不允许有内容。 Nested exception: 前言中不允许有内容。\r\n	at org.dom4j.io.SAXReader.read(SAXReader.java:482)\r\n	at org.dom4j.io.SAXReader.read(SAXReader.java:343)\r\n	at com.easycodebox.auth.core.service.user.impl.OperationServiceImpl.importFromXml(OperationServiceImpl.java:242)\r\n	at sun.reflect.NativeMethodAccessorImpl.invoke0(Native Method)\r\n	at sun.reflect.NativeMethodAccessorImpl.invoke(NativeMethodAccessorImpl.java:62)\r\n	at sun.reflect.DelegatingMethodAccessorImpl.invoke(DelegatingMethodAccessorImpl.java:43)\r\n	at java.lang.reflect.Method.invoke(Method.java:498)\r\n	at org.springframework.aop.support.AopUtils.invokeJoinpointUsingReflection(AopUtils.java:302)\r\n	at org.springframework.aop.framework.ReflectiveMethodInvocation.invokeJoinpoint(ReflectiveMethodInvocation.java:190)\r\n	at org.springframework.aop.framework.ReflectiveMethodInvocation.proceed(ReflectiveMethodInvocation.java:157)\r\n	at org.springframework.cache.interceptor.CacheInterceptor$1.invoke(CacheInterceptor.java:52)\r\n	at org.springframework.cache.interceptor.CacheAspectSupport.invokeOperation(CacheAspectSupport.java:320)\r\n	at org.springframework.cache.interceptor.CacheAspectSupport.execute(CacheAspectSupport.java:353)\r\n	at org.springframework.cache.interceptor.CacheAspectSupport.execute(CacheAspectSupport.java:302)\r\n	at org.springframework.cache.interceptor.CacheInterceptor.invoke(CacheInterceptor.java:61)\r\n	at org.springframework.aop.framework.ReflectiveMethodInvocation.proceed(ReflectiveMethodInvocation.java:179)\r\n	at org.springframework.transaction.interceptor.TransactionInterceptor$1.proceedWithInvocation(TransactionInterceptor.java:99)\r\n	at org.springframework.transaction.interceptor.TransactionAspectSupport.invokeWithinTransaction(TransactionAspectSupport.java:281)\r\n	at org.springframework.transaction.interceptor.TransactionInterceptor.invoke(TransactionInterceptor.java:96)\r\n	at org.springframework.aop.framework.ReflectiveMethodInvocation.proceed(ReflectiveMethodInvocation.java:179)\r\n	at org.springframew', '1', '2016-10-27 12:44:23');
INSERT INTO `sys_log` VALUES ('102617', '导入权限', 'com.easycodebox.auth.core.service.user.impl.OperationServiceImpl.importFromXml(java.io.FileInputStream@4f6b02f)', 'http://localhost:7080/operation/imports', '', '2', '4', null, '0:0:0:0:0:0:0:1', 'org.dom4j.DocumentException: Illegal character in URL Nested exception: Illegal character in URL\r\n	at org.dom4j.io.SAXReader.read(SAXReader.java:484)\r\n	at org.dom4j.io.SAXReader.read(SAXReader.java:343)\r\n	at com.easycodebox.auth.core.service.user.impl.OperationServiceImpl.importFromXml(OperationServiceImpl.java:242)\r\n	at sun.reflect.NativeMethodAccessorImpl.invoke0(Native Method)\r\n	at sun.reflect.NativeMethodAccessorImpl.invoke(NativeMethodAccessorImpl.java:62)\r\n	at sun.reflect.DelegatingMethodAccessorImpl.invoke(DelegatingMethodAccessorImpl.java:43)\r\n	at java.lang.reflect.Method.invoke(Method.java:498)\r\n	at org.springframework.aop.support.AopUtils.invokeJoinpointUsingReflection(AopUtils.java:302)\r\n	at org.springframework.aop.framework.ReflectiveMethodInvocation.invokeJoinpoint(ReflectiveMethodInvocation.java:190)\r\n	at org.springframework.aop.framework.ReflectiveMethodInvocation.proceed(ReflectiveMethodInvocation.java:157)\r\n	at org.springframework.cache.interceptor.CacheInterceptor$1.invoke(CacheInterceptor.java:52)\r\n	at org.springframework.cache.interceptor.CacheAspectSupport.invokeOperation(CacheAspectSupport.java:320)\r\n	at org.springframework.cache.interceptor.CacheAspectSupport.execute(CacheAspectSupport.java:353)\r\n	at org.springframework.cache.interceptor.CacheAspectSupport.execute(CacheAspectSupport.java:302)\r\n	at org.springframework.cache.interceptor.CacheInterceptor.invoke(CacheInterceptor.java:61)\r\n	at org.springframework.aop.framework.ReflectiveMethodInvocation.proceed(ReflectiveMethodInvocation.java:179)\r\n	at org.springframework.transaction.interceptor.TransactionInterceptor$1.proceedWithInvocation(TransactionInterceptor.java:99)\r\n	at org.springframework.transaction.interceptor.TransactionAspectSupport.invokeWithinTransaction(TransactionAspectSupport.java:281)\r\n	at org.springframework.transaction.interceptor.TransactionInterceptor.invoke(TransactionInterceptor.java:96)\r\n	at org.springframework.aop.framework.ReflectiveMethodInvocation.proceed(ReflectiveMethodInvocation.java:179)\r\n	at org.springframework', '1', '2016-10-27 12:44:23');
INSERT INTO `sys_log` VALUES ('102618', '导入权限', 'com.easycodebox.auth.core.service.user.impl.OperationServiceImpl.importFromXml(java.io.FileInputStream@7ffd1408)', 'http://localhost:7080/operation/imports', '', '2', '4', null, '0:0:0:0:0:0:0:1', 'org.dom4j.DocumentException: Error on line 1 of document  : 前言中不允许有内容。 Nested exception: 前言中不允许有内容。\r\n	at org.dom4j.io.SAXReader.read(SAXReader.java:482)\r\n	at org.dom4j.io.SAXReader.read(SAXReader.java:343)\r\n	at com.easycodebox.auth.core.service.user.impl.OperationServiceImpl.importFromXml(OperationServiceImpl.java:242)\r\n	at sun.reflect.NativeMethodAccessorImpl.invoke0(Native Method)\r\n	at sun.reflect.NativeMethodAccessorImpl.invoke(NativeMethodAccessorImpl.java:62)\r\n	at sun.reflect.DelegatingMethodAccessorImpl.invoke(DelegatingMethodAccessorImpl.java:43)\r\n	at java.lang.reflect.Method.invoke(Method.java:498)\r\n	at org.springframework.aop.support.AopUtils.invokeJoinpointUsingReflection(AopUtils.java:302)\r\n	at org.springframework.aop.framework.ReflectiveMethodInvocation.invokeJoinpoint(ReflectiveMethodInvocation.java:190)\r\n	at org.springframework.aop.framework.ReflectiveMethodInvocation.proceed(ReflectiveMethodInvocation.java:157)\r\n	at org.springframework.cache.interceptor.CacheInterceptor$1.invoke(CacheInterceptor.java:52)\r\n	at org.springframework.cache.interceptor.CacheAspectSupport.invokeOperation(CacheAspectSupport.java:320)\r\n	at org.springframework.cache.interceptor.CacheAspectSupport.execute(CacheAspectSupport.java:353)\r\n	at org.springframework.cache.interceptor.CacheAspectSupport.execute(CacheAspectSupport.java:302)\r\n	at org.springframework.cache.interceptor.CacheInterceptor.invoke(CacheInterceptor.java:61)\r\n	at org.springframework.aop.framework.ReflectiveMethodInvocation.proceed(ReflectiveMethodInvocation.java:179)\r\n	at org.springframework.transaction.interceptor.TransactionInterceptor$1.proceedWithInvocation(TransactionInterceptor.java:99)\r\n	at org.springframework.transaction.interceptor.TransactionAspectSupport.invokeWithinTransaction(TransactionAspectSupport.java:281)\r\n	at org.springframework.transaction.interceptor.TransactionInterceptor.invoke(TransactionInterceptor.java:96)\r\n	at org.springframework.aop.framework.ReflectiveMethodInvocation.proceed(ReflectiveMethodInvocation.java:179)\r\n	at org.springframew', '1', '2016-10-27 12:44:46');
INSERT INTO `sys_log` VALUES ('102619', '导入权限', 'com.easycodebox.auth.core.service.user.impl.OperationServiceImpl.importFromXml(java.io.FileInputStream@12cfad9b)', 'http://localhost:7080/operation/imports', '', '2', '4', null, '0:0:0:0:0:0:0:1', 'org.dom4j.DocumentException: Illegal character in URL Nested exception: Illegal character in URL\r\n	at org.dom4j.io.SAXReader.read(SAXReader.java:484)\r\n	at org.dom4j.io.SAXReader.read(SAXReader.java:343)\r\n	at com.easycodebox.auth.core.service.user.impl.OperationServiceImpl.importFromXml(OperationServiceImpl.java:242)\r\n	at sun.reflect.NativeMethodAccessorImpl.invoke0(Native Method)\r\n	at sun.reflect.NativeMethodAccessorImpl.invoke(NativeMethodAccessorImpl.java:62)\r\n	at sun.reflect.DelegatingMethodAccessorImpl.invoke(DelegatingMethodAccessorImpl.java:43)\r\n	at java.lang.reflect.Method.invoke(Method.java:498)\r\n	at org.springframework.aop.support.AopUtils.invokeJoinpointUsingReflection(AopUtils.java:302)\r\n	at org.springframework.aop.framework.ReflectiveMethodInvocation.invokeJoinpoint(ReflectiveMethodInvocation.java:190)\r\n	at org.springframework.aop.framework.ReflectiveMethodInvocation.proceed(ReflectiveMethodInvocation.java:157)\r\n	at org.springframework.cache.interceptor.CacheInterceptor$1.invoke(CacheInterceptor.java:52)\r\n	at org.springframework.cache.interceptor.CacheAspectSupport.invokeOperation(CacheAspectSupport.java:320)\r\n	at org.springframework.cache.interceptor.CacheAspectSupport.execute(CacheAspectSupport.java:353)\r\n	at org.springframework.cache.interceptor.CacheAspectSupport.execute(CacheAspectSupport.java:302)\r\n	at org.springframework.cache.interceptor.CacheInterceptor.invoke(CacheInterceptor.java:61)\r\n	at org.springframework.aop.framework.ReflectiveMethodInvocation.proceed(ReflectiveMethodInvocation.java:179)\r\n	at org.springframework.transaction.interceptor.TransactionInterceptor$1.proceedWithInvocation(TransactionInterceptor.java:99)\r\n	at org.springframework.transaction.interceptor.TransactionAspectSupport.invokeWithinTransaction(TransactionAspectSupport.java:281)\r\n	at org.springframework.transaction.interceptor.TransactionInterceptor.invoke(TransactionInterceptor.java:96)\r\n	at org.springframework.aop.framework.ReflectiveMethodInvocation.proceed(ReflectiveMethodInvocation.java:179)\r\n	at org.springframework', '1', '2016-10-27 12:44:48');
INSERT INTO `sys_log` VALUES ('102620', '导出权限', 'com.easycodebox.auth.core.service.user.impl.OperationServiceImpl.exportToXml(operations.ftl, C:\\develop\\workspace\\beehive\\.metadata\\.plugins\\org.eclipse.wst.server.core\\tmp1\\wtpwebapps\\easycode-auth-backend\\WEB-INF\\classes\\operations)', 'http://localhost:7080/operation/exports.json', '', '2', '2', null, '0:0:0:0:0:0:0:1', null, '1', '2016-10-27 12:51:15');
INSERT INTO `sys_log` VALUES ('102621', '导入权限', 'com.easycodebox.auth.core.service.user.impl.OperationServiceImpl.importFromXml(java.io.ByteArrayInputStream@5657ef7b)', 'http://localhost:7080/operation/imports', '', '2', '4', null, '0:0:0:0:0:0:0:1', 'com.easycodebox.common.error.ErrorContext: 没有项目编号为(EASYCODE-EXAMPLE)的授权项目\r\n	at com.easycodebox.common.error.ErrorContext.instance(ErrorContext.java:53)\r\n	at com.easycodebox.common.error.ErrorContext.instance(ErrorContext.java:47)\r\n	at com.easycodebox.common.validate.Assert.throwError(Assert.java:35)\r\n	at com.easycodebox.common.validate.Assert.notNull(Assert.java:99)\r\n	at com.easycodebox.auth.core.service.user.impl.OperationServiceImpl.importFromXml(OperationServiceImpl.java:250)\r\n	at sun.reflect.NativeMethodAccessorImpl.invoke0(Native Method)\r\n	at sun.reflect.NativeMethodAccessorImpl.invoke(NativeMethodAccessorImpl.java:62)\r\n	at sun.reflect.DelegatingMethodAccessorImpl.invoke(DelegatingMethodAccessorImpl.java:43)\r\n	at java.lang.reflect.Method.invoke(Method.java:498)\r\n	at org.springframework.aop.support.AopUtils.invokeJoinpointUsingReflection(AopUtils.java:302)\r\n	at org.springframework.aop.framework.ReflectiveMethodInvocation.invokeJoinpoint(ReflectiveMethodInvocation.java:190)\r\n	at org.springframework.aop.framework.ReflectiveMethodInvocation.proceed(ReflectiveMethodInvocation.java:157)\r\n	at org.springframework.cache.interceptor.CacheInterceptor$1.invoke(CacheInterceptor.java:52)\r\n	at org.springframework.cache.interceptor.CacheAspectSupport.invokeOperation(CacheAspectSupport.java:320)\r\n	at org.springframework.cache.interceptor.CacheAspectSupport.execute(CacheAspectSupport.java:353)\r\n	at org.springframework.cache.interceptor.CacheAspectSupport.execute(CacheAspectSupport.java:302)\r\n	at org.springframework.cache.interceptor.CacheInterceptor.invoke(CacheInterceptor.java:61)\r\n	at org.springframework.aop.framework.ReflectiveMethodInvocation.proceed(ReflectiveMethodInvocation.java:179)\r\n	at org.springframework.transaction.interceptor.TransactionInterceptor$1.proceedWithInvocation(TransactionInterceptor.java:99)\r\n	at org.springframework.transaction.interceptor.TransactionAspectSupport.invokeWithinTransaction(TransactionAspectSupport.java:281)\r\n	at org.springframework.transaction.interceptor.TransactionInterceptor.invoke(T', '1', '2016-10-27 12:55:12');
INSERT INTO `sys_log` VALUES ('102622', '导入权限', 'com.easycodebox.auth.core.service.user.impl.OperationServiceImpl.importFromXml(java.io.ByteArrayInputStream@6d0d2978)', 'http://localhost:7080/operation/imports', '', '2', '4', null, '0:0:0:0:0:0:0:1', 'com.easycodebox.common.error.ErrorContext: 没有项目编号为(EASYCODE-EXAMPLE)的授权项目\r\n	at com.easycodebox.common.error.ErrorContext.instance(ErrorContext.java:53)\r\n	at com.easycodebox.common.error.ErrorContext.instance(ErrorContext.java:47)\r\n	at com.easycodebox.common.validate.Assert.throwError(Assert.java:35)\r\n	at com.easycodebox.common.validate.Assert.notNull(Assert.java:99)\r\n	at com.easycodebox.auth.core.service.user.impl.OperationServiceImpl.importFromXml(OperationServiceImpl.java:250)\r\n	at sun.reflect.NativeMethodAccessorImpl.invoke0(Native Method)\r\n	at sun.reflect.NativeMethodAccessorImpl.invoke(NativeMethodAccessorImpl.java:62)\r\n	at sun.reflect.DelegatingMethodAccessorImpl.invoke(DelegatingMethodAccessorImpl.java:43)\r\n	at java.lang.reflect.Method.invoke(Method.java:498)\r\n	at org.springframework.aop.support.AopUtils.invokeJoinpointUsingReflection(AopUtils.java:302)\r\n	at org.springframework.aop.framework.ReflectiveMethodInvocation.invokeJoinpoint(ReflectiveMethodInvocation.java:190)\r\n	at org.springframework.aop.framework.ReflectiveMethodInvocation.proceed(ReflectiveMethodInvocation.java:157)\r\n	at org.springframework.cache.interceptor.CacheInterceptor$1.invoke(CacheInterceptor.java:52)\r\n	at org.springframework.cache.interceptor.CacheAspectSupport.invokeOperation(CacheAspectSupport.java:320)\r\n	at org.springframework.cache.interceptor.CacheAspectSupport.execute(CacheAspectSupport.java:353)\r\n	at org.springframework.cache.interceptor.CacheAspectSupport.execute(CacheAspectSupport.java:302)\r\n	at org.springframework.cache.interceptor.CacheInterceptor.invoke(CacheInterceptor.java:61)\r\n	at org.springframework.aop.framework.ReflectiveMethodInvocation.proceed(ReflectiveMethodInvocation.java:179)\r\n	at org.springframework.transaction.interceptor.TransactionInterceptor$1.proceedWithInvocation(TransactionInterceptor.java:99)\r\n	at org.springframework.transaction.interceptor.TransactionAspectSupport.invokeWithinTransaction(TransactionAspectSupport.java:281)\r\n	at org.springframework.transaction.interceptor.TransactionInterceptor.invoke(T', '1', '2016-10-27 12:55:27');
INSERT INTO `sys_log` VALUES ('102623', '导入权限', 'com.easycodebox.auth.core.service.user.impl.OperationServiceImpl.importFromXml(java.io.ByteArrayInputStream@5c9781a3)', 'http://localhost:7080/operation/imports', '', '2', '4', null, '0:0:0:0:0:0:0:1', 'com.easycodebox.common.error.ErrorContext: 没有项目编号为(EASYCODE-EXAMPLE)的授权项目\r\n	at com.easycodebox.common.error.ErrorContext.instance(ErrorContext.java:53)\r\n	at com.easycodebox.common.error.ErrorContext.instance(ErrorContext.java:47)\r\n	at com.easycodebox.common.validate.Assert.throwError(Assert.java:35)\r\n	at com.easycodebox.common.validate.Assert.notNull(Assert.java:99)\r\n	at com.easycodebox.auth.core.service.user.impl.OperationServiceImpl.importFromXml(OperationServiceImpl.java:250)\r\n	at sun.reflect.NativeMethodAccessorImpl.invoke0(Native Method)\r\n	at sun.reflect.NativeMethodAccessorImpl.invoke(NativeMethodAccessorImpl.java:62)\r\n	at sun.reflect.DelegatingMethodAccessorImpl.invoke(DelegatingMethodAccessorImpl.java:43)\r\n	at java.lang.reflect.Method.invoke(Method.java:498)\r\n	at org.springframework.aop.support.AopUtils.invokeJoinpointUsingReflection(AopUtils.java:302)\r\n	at org.springframework.aop.framework.ReflectiveMethodInvocation.invokeJoinpoint(ReflectiveMethodInvocation.java:190)\r\n	at org.springframework.aop.framework.ReflectiveMethodInvocation.proceed(ReflectiveMethodInvocation.java:157)\r\n	at org.springframework.cache.interceptor.CacheInterceptor$1.invoke(CacheInterceptor.java:52)\r\n	at org.springframework.cache.interceptor.CacheAspectSupport.invokeOperation(CacheAspectSupport.java:320)\r\n	at org.springframework.cache.interceptor.CacheAspectSupport.execute(CacheAspectSupport.java:353)\r\n	at org.springframework.cache.interceptor.CacheAspectSupport.execute(CacheAspectSupport.java:302)\r\n	at org.springframework.cache.interceptor.CacheInterceptor.invoke(CacheInterceptor.java:61)\r\n	at org.springframework.aop.framework.ReflectiveMethodInvocation.proceed(ReflectiveMethodInvocation.java:179)\r\n	at org.springframework.transaction.interceptor.TransactionInterceptor$1.proceedWithInvocation(TransactionInterceptor.java:99)\r\n	at org.springframework.transaction.interceptor.TransactionAspectSupport.invokeWithinTransaction(TransactionAspectSupport.java:281)\r\n	at org.springframework.transaction.interceptor.TransactionInterceptor.invoke(T', '1', '2016-10-27 12:55:34');
INSERT INTO `sys_log` VALUES ('102624', '导入权限', 'com.easycodebox.auth.core.service.user.impl.OperationServiceImpl.importFromXml(java.io.ByteArrayInputStream@2c92f07d)', 'http://localhost:7080/operation/imports', '', '2', '4', null, '0:0:0:0:0:0:0:1', 'com.easycodebox.common.error.ErrorContext: 没有项目编号为(EASYCODE-EXAMPLE)的授权项目\r\n	at com.easycodebox.common.error.ErrorContext.instance(ErrorContext.java:53)\r\n	at com.easycodebox.common.error.ErrorContext.instance(ErrorContext.java:47)\r\n	at com.easycodebox.common.validate.Assert.throwError(Assert.java:35)\r\n	at com.easycodebox.common.validate.Assert.notNull(Assert.java:99)\r\n	at com.easycodebox.auth.core.service.user.impl.OperationServiceImpl.importFromXml(OperationServiceImpl.java:250)\r\n	at sun.reflect.NativeMethodAccessorImpl.invoke0(Native Method)\r\n	at sun.reflect.NativeMethodAccessorImpl.invoke(NativeMethodAccessorImpl.java:62)\r\n	at sun.reflect.DelegatingMethodAccessorImpl.invoke(DelegatingMethodAccessorImpl.java:43)\r\n	at java.lang.reflect.Method.invoke(Method.java:498)\r\n	at org.springframework.aop.support.AopUtils.invokeJoinpointUsingReflection(AopUtils.java:302)\r\n	at org.springframework.aop.framework.ReflectiveMethodInvocation.invokeJoinpoint(ReflectiveMethodInvocation.java:190)\r\n	at org.springframework.aop.framework.ReflectiveMethodInvocation.proceed(ReflectiveMethodInvocation.java:157)\r\n	at org.springframework.cache.interceptor.CacheInterceptor$1.invoke(CacheInterceptor.java:52)\r\n	at org.springframework.cache.interceptor.CacheAspectSupport.invokeOperation(CacheAspectSupport.java:320)\r\n	at org.springframework.cache.interceptor.CacheAspectSupport.execute(CacheAspectSupport.java:353)\r\n	at org.springframework.cache.interceptor.CacheAspectSupport.execute(CacheAspectSupport.java:302)\r\n	at org.springframework.cache.interceptor.CacheInterceptor.invoke(CacheInterceptor.java:61)\r\n	at org.springframework.aop.framework.ReflectiveMethodInvocation.proceed(ReflectiveMethodInvocation.java:179)\r\n	at org.springframework.transaction.interceptor.TransactionInterceptor$1.proceedWithInvocation(TransactionInterceptor.java:99)\r\n	at org.springframework.transaction.interceptor.TransactionAspectSupport.invokeWithinTransaction(TransactionAspectSupport.java:281)\r\n	at org.springframework.transaction.interceptor.TransactionInterceptor.invoke(T', '1', '2016-10-27 12:56:53');
INSERT INTO `sys_log` VALUES ('102625', '导入权限', 'com.easycodebox.auth.core.service.user.impl.OperationServiceImpl.importFromXml(java.io.ByteArrayInputStream@377f919f)', 'http://localhost:7080/operation/imports', '', '2', '4', null, '0:0:0:0:0:0:0:1', 'com.easycodebox.common.error.ErrorContext: 没有项目编号为(EASYCODE-EXAMPLE)的授权项目\r\n	at com.easycodebox.common.error.ErrorContext.instance(ErrorContext.java:53)\r\n	at com.easycodebox.common.error.ErrorContext.instance(ErrorContext.java:47)\r\n	at com.easycodebox.common.validate.Assert.throwError(Assert.java:35)\r\n	at com.easycodebox.common.validate.Assert.notNull(Assert.java:99)\r\n	at com.easycodebox.auth.core.service.user.impl.OperationServiceImpl.importFromXml(OperationServiceImpl.java:250)\r\n	at sun.reflect.NativeMethodAccessorImpl.invoke0(Native Method)\r\n	at sun.reflect.NativeMethodAccessorImpl.invoke(NativeMethodAccessorImpl.java:62)\r\n	at sun.reflect.DelegatingMethodAccessorImpl.invoke(DelegatingMethodAccessorImpl.java:43)\r\n	at java.lang.reflect.Method.invoke(Method.java:498)\r\n	at org.springframework.aop.support.AopUtils.invokeJoinpointUsingReflection(AopUtils.java:302)\r\n	at org.springframework.aop.framework.ReflectiveMethodInvocation.invokeJoinpoint(ReflectiveMethodInvocation.java:190)\r\n	at org.springframework.aop.framework.ReflectiveMethodInvocation.proceed(ReflectiveMethodInvocation.java:157)\r\n	at org.springframework.cache.interceptor.CacheInterceptor$1.invoke(CacheInterceptor.java:52)\r\n	at org.springframework.cache.interceptor.CacheAspectSupport.invokeOperation(CacheAspectSupport.java:320)\r\n	at org.springframework.cache.interceptor.CacheAspectSupport.execute(CacheAspectSupport.java:353)\r\n	at org.springframework.cache.interceptor.CacheAspectSupport.execute(CacheAspectSupport.java:302)\r\n	at org.springframework.cache.interceptor.CacheInterceptor.invoke(CacheInterceptor.java:61)\r\n	at org.springframework.aop.framework.ReflectiveMethodInvocation.proceed(ReflectiveMethodInvocation.java:179)\r\n	at org.springframework.transaction.interceptor.TransactionInterceptor$1.proceedWithInvocation(TransactionInterceptor.java:99)\r\n	at org.springframework.transaction.interceptor.TransactionAspectSupport.invokeWithinTransaction(TransactionAspectSupport.java:281)\r\n	at org.springframework.transaction.interceptor.TransactionInterceptor.invoke(T', '1', '2016-10-27 12:57:20');
INSERT INTO `sys_log` VALUES ('102626', '导入权限', 'com.easycodebox.auth.core.service.user.impl.OperationServiceImpl.importFromXml(java.io.ByteArrayInputStream@20357f79)', 'http://localhost:7080/operation/imports', '', '2', '4', null, '0:0:0:0:0:0:0:1', 'com.easycodebox.common.error.ErrorContext: 没有项目编号为(EASYCODE-EXAMPLE)的授权项目\r\n	at com.easycodebox.common.error.ErrorContext.instance(ErrorContext.java:53)\r\n	at com.easycodebox.common.error.ErrorContext.instance(ErrorContext.java:47)\r\n	at com.easycodebox.common.validate.Assert.throwError(Assert.java:35)\r\n	at com.easycodebox.common.validate.Assert.notNull(Assert.java:99)\r\n	at com.easycodebox.auth.core.service.user.impl.OperationServiceImpl.importFromXml(OperationServiceImpl.java:250)\r\n	at sun.reflect.NativeMethodAccessorImpl.invoke0(Native Method)\r\n	at sun.reflect.NativeMethodAccessorImpl.invoke(NativeMethodAccessorImpl.java:62)\r\n	at sun.reflect.DelegatingMethodAccessorImpl.invoke(DelegatingMethodAccessorImpl.java:43)\r\n	at java.lang.reflect.Method.invoke(Method.java:498)\r\n	at org.springframework.aop.support.AopUtils.invokeJoinpointUsingReflection(AopUtils.java:302)\r\n	at org.springframework.aop.framework.ReflectiveMethodInvocation.invokeJoinpoint(ReflectiveMethodInvocation.java:190)\r\n	at org.springframework.aop.framework.ReflectiveMethodInvocation.proceed(ReflectiveMethodInvocation.java:157)\r\n	at org.springframework.cache.interceptor.CacheInterceptor$1.invoke(CacheInterceptor.java:52)\r\n	at org.springframework.cache.interceptor.CacheAspectSupport.invokeOperation(CacheAspectSupport.java:320)\r\n	at org.springframework.cache.interceptor.CacheAspectSupport.execute(CacheAspectSupport.java:353)\r\n	at org.springframework.cache.interceptor.CacheAspectSupport.execute(CacheAspectSupport.java:302)\r\n	at org.springframework.cache.interceptor.CacheInterceptor.invoke(CacheInterceptor.java:61)\r\n	at org.springframework.aop.framework.ReflectiveMethodInvocation.proceed(ReflectiveMethodInvocation.java:179)\r\n	at org.springframework.transaction.interceptor.TransactionInterceptor$1.proceedWithInvocation(TransactionInterceptor.java:99)\r\n	at org.springframework.transaction.interceptor.TransactionAspectSupport.invokeWithinTransaction(TransactionAspectSupport.java:281)\r\n	at org.springframework.transaction.interceptor.TransactionInterceptor.invoke(T', '1', '2016-10-27 12:57:20');
INSERT INTO `sys_log` VALUES ('102627', '导入权限', 'com.easycodebox.auth.core.service.user.impl.OperationServiceImpl.importFromXml(java.io.ByteArrayInputStream@7836652d)', 'http://localhost:7080/operation/imports', '', '2', '4', null, '0:0:0:0:0:0:0:1', 'com.easycodebox.common.error.ErrorContext: 没有项目编号为(EASYCODE-EXAMPLE)的授权项目\r\n	at com.easycodebox.common.error.ErrorContext.instance(ErrorContext.java:53)\r\n	at com.easycodebox.common.error.ErrorContext.instance(ErrorContext.java:47)\r\n	at com.easycodebox.common.validate.Assert.throwError(Assert.java:35)\r\n	at com.easycodebox.common.validate.Assert.notNull(Assert.java:99)\r\n	at com.easycodebox.auth.core.service.user.impl.OperationServiceImpl.importFromXml(OperationServiceImpl.java:250)\r\n	at sun.reflect.NativeMethodAccessorImpl.invoke0(Native Method)\r\n	at sun.reflect.NativeMethodAccessorImpl.invoke(NativeMethodAccessorImpl.java:62)\r\n	at sun.reflect.DelegatingMethodAccessorImpl.invoke(DelegatingMethodAccessorImpl.java:43)\r\n	at java.lang.reflect.Method.invoke(Method.java:498)\r\n	at org.springframework.aop.support.AopUtils.invokeJoinpointUsingReflection(AopUtils.java:302)\r\n	at org.springframework.aop.framework.ReflectiveMethodInvocation.invokeJoinpoint(ReflectiveMethodInvocation.java:190)\r\n	at org.springframework.aop.framework.ReflectiveMethodInvocation.proceed(ReflectiveMethodInvocation.java:157)\r\n	at org.springframework.cache.interceptor.CacheInterceptor$1.invoke(CacheInterceptor.java:52)\r\n	at org.springframework.cache.interceptor.CacheAspectSupport.invokeOperation(CacheAspectSupport.java:320)\r\n	at org.springframework.cache.interceptor.CacheAspectSupport.execute(CacheAspectSupport.java:353)\r\n	at org.springframework.cache.interceptor.CacheAspectSupport.execute(CacheAspectSupport.java:302)\r\n	at org.springframework.cache.interceptor.CacheInterceptor.invoke(CacheInterceptor.java:61)\r\n	at org.springframework.aop.framework.ReflectiveMethodInvocation.proceed(ReflectiveMethodInvocation.java:179)\r\n	at org.springframework.transaction.interceptor.TransactionInterceptor$1.proceedWithInvocation(TransactionInterceptor.java:99)\r\n	at org.springframework.transaction.interceptor.TransactionAspectSupport.invokeWithinTransaction(TransactionAspectSupport.java:281)\r\n	at org.springframework.transaction.interceptor.TransactionInterceptor.invoke(T', '1', '2016-10-27 12:57:44');
INSERT INTO `sys_log` VALUES ('102628', '导入权限', 'com.easycodebox.auth.core.service.user.impl.OperationServiceImpl.importFromXml(java.io.ByteArrayInputStream@133eb9eb)', 'http://localhost:7080/operation/imports', '', '2', '4', null, '0:0:0:0:0:0:0:1', 'com.easycodebox.common.error.ErrorContext: 没有项目编号为(EASYCODE-EXAMPLE)的授权项目\r\n	at com.easycodebox.common.error.ErrorContext.instance(ErrorContext.java:53)\r\n	at com.easycodebox.common.error.ErrorContext.instance(ErrorContext.java:47)\r\n	at com.easycodebox.common.validate.Assert.throwError(Assert.java:35)\r\n	at com.easycodebox.common.validate.Assert.notNull(Assert.java:99)\r\n	at com.easycodebox.auth.core.service.user.impl.OperationServiceImpl.importFromXml(OperationServiceImpl.java:250)\r\n	at sun.reflect.GeneratedMethodAccessor124.invoke(Unknown Source)\r\n	at sun.reflect.DelegatingMethodAccessorImpl.invoke(DelegatingMethodAccessorImpl.java:43)\r\n	at java.lang.reflect.Method.invoke(Method.java:498)\r\n	at org.springframework.aop.support.AopUtils.invokeJoinpointUsingReflection(AopUtils.java:302)\r\n	at org.springframework.aop.framework.ReflectiveMethodInvocation.invokeJoinpoint(ReflectiveMethodInvocation.java:190)\r\n	at org.springframework.aop.framework.ReflectiveMethodInvocation.proceed(ReflectiveMethodInvocation.java:157)\r\n	at org.springframework.cache.interceptor.CacheInterceptor$1.invoke(CacheInterceptor.java:52)\r\n	at org.springframework.cache.interceptor.CacheAspectSupport.invokeOperation(CacheAspectSupport.java:320)\r\n	at org.springframework.cache.interceptor.CacheAspectSupport.execute(CacheAspectSupport.java:353)\r\n	at org.springframework.cache.interceptor.CacheAspectSupport.execute(CacheAspectSupport.java:302)\r\n	at org.springframework.cache.interceptor.CacheInterceptor.invoke(CacheInterceptor.java:61)\r\n	at org.springframework.aop.framework.ReflectiveMethodInvocation.proceed(ReflectiveMethodInvocation.java:179)\r\n	at org.springframework.transaction.interceptor.TransactionInterceptor$1.proceedWithInvocation(TransactionInterceptor.java:99)\r\n	at org.springframework.transaction.interceptor.TransactionAspectSupport.invokeWithinTransaction(TransactionAspectSupport.java:281)\r\n	at org.springframework.transaction.interceptor.TransactionInterceptor.invoke(TransactionInterceptor.java:96)\r\n	at org.springframework.aop.framework.ReflectiveM', '1', '2016-10-27 12:58:06');
INSERT INTO `sys_log` VALUES ('102629', '导入权限', 'com.easycodebox.auth.core.service.user.impl.OperationServiceImpl.importFromXml(java.io.ByteArrayInputStream@5ffbe501)', 'http://localhost:7080/operation/imports', '', '2', '4', null, '0:0:0:0:0:0:0:1', 'com.easycodebox.common.error.ErrorContext: 没有项目编号为(EASYCODE-EXAMPLE)的授权项目\r\n	at com.easycodebox.common.error.ErrorContext.instance(ErrorContext.java:53)\r\n	at com.easycodebox.common.error.ErrorContext.instance(ErrorContext.java:47)\r\n	at com.easycodebox.common.validate.Assert.throwError(Assert.java:35)\r\n	at com.easycodebox.common.validate.Assert.notNull(Assert.java:99)\r\n	at com.easycodebox.auth.core.service.user.impl.OperationServiceImpl.importFromXml(OperationServiceImpl.java:250)\r\n	at sun.reflect.GeneratedMethodAccessor124.invoke(Unknown Source)\r\n	at sun.reflect.DelegatingMethodAccessorImpl.invoke(DelegatingMethodAccessorImpl.java:43)\r\n	at java.lang.reflect.Method.invoke(Method.java:498)\r\n	at org.springframework.aop.support.AopUtils.invokeJoinpointUsingReflection(AopUtils.java:302)\r\n	at org.springframework.aop.framework.ReflectiveMethodInvocation.invokeJoinpoint(ReflectiveMethodInvocation.java:190)\r\n	at org.springframework.aop.framework.ReflectiveMethodInvocation.proceed(ReflectiveMethodInvocation.java:157)\r\n	at org.springframework.cache.interceptor.CacheInterceptor$1.invoke(CacheInterceptor.java:52)\r\n	at org.springframework.cache.interceptor.CacheAspectSupport.invokeOperation(CacheAspectSupport.java:320)\r\n	at org.springframework.cache.interceptor.CacheAspectSupport.execute(CacheAspectSupport.java:353)\r\n	at org.springframework.cache.interceptor.CacheAspectSupport.execute(CacheAspectSupport.java:302)\r\n	at org.springframework.cache.interceptor.CacheInterceptor.invoke(CacheInterceptor.java:61)\r\n	at org.springframework.aop.framework.ReflectiveMethodInvocation.proceed(ReflectiveMethodInvocation.java:179)\r\n	at org.springframework.transaction.interceptor.TransactionInterceptor$1.proceedWithInvocation(TransactionInterceptor.java:99)\r\n	at org.springframework.transaction.interceptor.TransactionAspectSupport.invokeWithinTransaction(TransactionAspectSupport.java:281)\r\n	at org.springframework.transaction.interceptor.TransactionInterceptor.invoke(TransactionInterceptor.java:96)\r\n	at org.springframework.aop.framework.ReflectiveM', '1', '2016-10-27 12:58:38');
INSERT INTO `sys_log` VALUES ('102630', '导入权限', 'com.easycodebox.auth.core.service.user.impl.OperationServiceImpl.importFromXml(java.io.ByteArrayInputStream@45a314f7)', 'http://localhost:7080/operation/imports', '', '2', '4', null, '0:0:0:0:0:0:0:1', 'com.easycodebox.common.error.ErrorContext: 没有项目编号为(EASYCODE-EXAMPLE)的授权项目\r\n	at com.easycodebox.common.error.ErrorContext.instance(ErrorContext.java:53)\r\n	at com.easycodebox.common.error.ErrorContext.instance(ErrorContext.java:47)\r\n	at com.easycodebox.common.validate.Assert.throwError(Assert.java:35)\r\n	at com.easycodebox.common.validate.Assert.notNull(Assert.java:99)\r\n	at com.easycodebox.auth.core.service.user.impl.OperationServiceImpl.importFromXml(OperationServiceImpl.java:250)\r\n	at sun.reflect.GeneratedMethodAccessor124.invoke(Unknown Source)\r\n	at sun.reflect.DelegatingMethodAccessorImpl.invoke(DelegatingMethodAccessorImpl.java:43)\r\n	at java.lang.reflect.Method.invoke(Method.java:498)\r\n	at org.springframework.aop.support.AopUtils.invokeJoinpointUsingReflection(AopUtils.java:302)\r\n	at org.springframework.aop.framework.ReflectiveMethodInvocation.invokeJoinpoint(ReflectiveMethodInvocation.java:190)\r\n	at org.springframework.aop.framework.ReflectiveMethodInvocation.proceed(ReflectiveMethodInvocation.java:157)\r\n	at org.springframework.cache.interceptor.CacheInterceptor$1.invoke(CacheInterceptor.java:52)\r\n	at org.springframework.cache.interceptor.CacheAspectSupport.invokeOperation(CacheAspectSupport.java:320)\r\n	at org.springframework.cache.interceptor.CacheAspectSupport.execute(CacheAspectSupport.java:353)\r\n	at org.springframework.cache.interceptor.CacheAspectSupport.execute(CacheAspectSupport.java:302)\r\n	at org.springframework.cache.interceptor.CacheInterceptor.invoke(CacheInterceptor.java:61)\r\n	at org.springframework.aop.framework.ReflectiveMethodInvocation.proceed(ReflectiveMethodInvocation.java:179)\r\n	at org.springframework.transaction.interceptor.TransactionInterceptor$1.proceedWithInvocation(TransactionInterceptor.java:99)\r\n	at org.springframework.transaction.interceptor.TransactionAspectSupport.invokeWithinTransaction(TransactionAspectSupport.java:281)\r\n	at org.springframework.transaction.interceptor.TransactionInterceptor.invoke(TransactionInterceptor.java:96)\r\n	at org.springframework.aop.framework.ReflectiveM', '1', '2016-10-27 12:59:00');
INSERT INTO `sys_log` VALUES ('102631', '导入权限', 'com.easycodebox.auth.core.service.user.impl.OperationServiceImpl.importFromXml(java.io.ByteArrayInputStream@5853689e)', 'http://localhost:7080/operation/imports', '', '2', '4', null, '0:0:0:0:0:0:0:1', 'com.easycodebox.common.error.ErrorContext: 没有项目编号为(EASYCODE-EXAMPLE)的授权项目\r\n	at com.easycodebox.common.error.ErrorContext.instance(ErrorContext.java:53)\r\n	at com.easycodebox.common.error.ErrorContext.instance(ErrorContext.java:47)\r\n	at com.easycodebox.common.validate.Assert.throwError(Assert.java:35)\r\n	at com.easycodebox.common.validate.Assert.notNull(Assert.java:99)\r\n	at com.easycodebox.auth.core.service.user.impl.OperationServiceImpl.importFromXml(OperationServiceImpl.java:250)\r\n	at sun.reflect.GeneratedMethodAccessor124.invoke(Unknown Source)\r\n	at sun.reflect.DelegatingMethodAccessorImpl.invoke(DelegatingMethodAccessorImpl.java:43)\r\n	at java.lang.reflect.Method.invoke(Method.java:498)\r\n	at org.springframework.aop.support.AopUtils.invokeJoinpointUsingReflection(AopUtils.java:302)\r\n	at org.springframework.aop.framework.ReflectiveMethodInvocation.invokeJoinpoint(ReflectiveMethodInvocation.java:190)\r\n	at org.springframework.aop.framework.ReflectiveMethodInvocation.proceed(ReflectiveMethodInvocation.java:157)\r\n	at org.springframework.cache.interceptor.CacheInterceptor$1.invoke(CacheInterceptor.java:52)\r\n	at org.springframework.cache.interceptor.CacheAspectSupport.invokeOperation(CacheAspectSupport.java:320)\r\n	at org.springframework.cache.interceptor.CacheAspectSupport.execute(CacheAspectSupport.java:353)\r\n	at org.springframework.cache.interceptor.CacheAspectSupport.execute(CacheAspectSupport.java:302)\r\n	at org.springframework.cache.interceptor.CacheInterceptor.invoke(CacheInterceptor.java:61)\r\n	at org.springframework.aop.framework.ReflectiveMethodInvocation.proceed(ReflectiveMethodInvocation.java:179)\r\n	at org.springframework.transaction.interceptor.TransactionInterceptor$1.proceedWithInvocation(TransactionInterceptor.java:99)\r\n	at org.springframework.transaction.interceptor.TransactionAspectSupport.invokeWithinTransaction(TransactionAspectSupport.java:281)\r\n	at org.springframework.transaction.interceptor.TransactionInterceptor.invoke(TransactionInterceptor.java:96)\r\n	at org.springframework.aop.framework.ReflectiveM', '1', '2016-10-27 12:59:01');
INSERT INTO `sys_log` VALUES ('102632', '添加授权项目', 'com.easycodebox.auth.core.service.sys.impl.ProjectServiceImpl.add(Project[id=<null>,name=EasyCode Demo,projectNo=EASYCODE-EXAMPLE,status=OPEN,deleted=<null>,sort=0,num=<null>,remark=,creator=<null>,createTime=<null>,modifier=<null>,modifyTime=<null>,creatorName=<null>,modifierName=<null>])', 'http://localhost:7080/project/add.json', 'name=EasyCode Demo&projectNo=EASYCODE-EXAMPLE&sort=0&status=OPEN&remark=', '1', '2', 'Project[id=5859,name=EasyCode Demo,projectNo=EASYCODE-EXAMPLE,status=OPEN,deleted=NO,sort=0,num=2,remark=,creator=1,createTime=Thu Oct 27 13:00:28 GMT+08:00 2016,modifier=1,modifyTime=Thu Oct 27 13:00:28 GMT+08:00 2016,creatorName=<null>,modifierName=<null>]', '0:0:0:0:0:0:0:1', null, '1', '2016-10-27 13:00:28');
INSERT INTO `sys_log` VALUES ('102633', '导入权限', 'com.easycodebox.auth.core.service.user.impl.OperationServiceImpl.importFromXml(java.io.ByteArrayInputStream@5fabe15b)', 'http://localhost:7080/operation/imports', '', '2', '4', null, '0:0:0:0:0:0:0:1', 'com.easycodebox.common.error.ErrorContext: 没有项目编号为(EASYCODE-EXAMPLE)的授权项目\r\n	at com.easycodebox.common.error.ErrorContext.instance(ErrorContext.java:53)\r\n	at com.easycodebox.common.error.ErrorContext.instance(ErrorContext.java:47)\r\n	at com.easycodebox.common.validate.Assert.throwError(Assert.java:35)\r\n	at com.easycodebox.common.validate.Assert.notNull(Assert.java:99)\r\n	at com.easycodebox.auth.core.service.user.impl.OperationServiceImpl.importFromXml(OperationServiceImpl.java:250)\r\n	at sun.reflect.GeneratedMethodAccessor124.invoke(Unknown Source)\r\n	at sun.reflect.DelegatingMethodAccessorImpl.invoke(DelegatingMethodAccessorImpl.java:43)\r\n	at java.lang.reflect.Method.invoke(Method.java:498)\r\n	at org.springframework.aop.support.AopUtils.invokeJoinpointUsingReflection(AopUtils.java:302)\r\n	at org.springframework.aop.framework.ReflectiveMethodInvocation.invokeJoinpoint(ReflectiveMethodInvocation.java:190)\r\n	at org.springframework.aop.framework.ReflectiveMethodInvocation.proceed(ReflectiveMethodInvocation.java:157)\r\n	at org.springframework.cache.interceptor.CacheInterceptor$1.invoke(CacheInterceptor.java:52)\r\n	at org.springframework.cache.interceptor.CacheAspectSupport.invokeOperation(CacheAspectSupport.java:320)\r\n	at org.springframework.cache.interceptor.CacheAspectSupport.execute(CacheAspectSupport.java:353)\r\n	at org.springframework.cache.interceptor.CacheAspectSupport.execute(CacheAspectSupport.java:302)\r\n	at org.springframework.cache.interceptor.CacheInterceptor.invoke(CacheInterceptor.java:61)\r\n	at org.springframework.aop.framework.ReflectiveMethodInvocation.proceed(ReflectiveMethodInvocation.java:179)\r\n	at org.springframework.transaction.interceptor.TransactionInterceptor$1.proceedWithInvocation(TransactionInterceptor.java:99)\r\n	at org.springframework.transaction.interceptor.TransactionAspectSupport.invokeWithinTransaction(TransactionAspectSupport.java:281)\r\n	at org.springframework.transaction.interceptor.TransactionInterceptor.invoke(TransactionInterceptor.java:96)\r\n	at org.springframework.aop.framework.ReflectiveM', '1', '2016-10-27 13:00:46');
INSERT INTO `sys_log` VALUES ('102634', '导入权限', 'com.easycodebox.auth.core.service.user.impl.OperationServiceImpl.importFromXml(java.io.ByteArrayInputStream@2b714c29)', 'http://localhost:7080/operation/imports', '', '2', '4', null, '0:0:0:0:0:0:0:1', 'com.easycodebox.common.error.ErrorContext: 没有项目编号为(EASYCODE-EXAMPLE)的授权项目\r\n	at com.easycodebox.common.error.ErrorContext.instance(ErrorContext.java:53)\r\n	at com.easycodebox.common.error.ErrorContext.instance(ErrorContext.java:47)\r\n	at com.easycodebox.common.validate.Assert.throwError(Assert.java:35)\r\n	at com.easycodebox.common.validate.Assert.notNull(Assert.java:99)\r\n	at com.easycodebox.auth.core.service.user.impl.OperationServiceImpl.importFromXml(OperationServiceImpl.java:250)\r\n	at sun.reflect.GeneratedMethodAccessor124.invoke(Unknown Source)\r\n	at sun.reflect.DelegatingMethodAccessorImpl.invoke(DelegatingMethodAccessorImpl.java:43)\r\n	at java.lang.reflect.Method.invoke(Method.java:498)\r\n	at org.springframework.aop.support.AopUtils.invokeJoinpointUsingReflection(AopUtils.java:302)\r\n	at org.springframework.aop.framework.ReflectiveMethodInvocation.invokeJoinpoint(ReflectiveMethodInvocation.java:190)\r\n	at org.springframework.aop.framework.ReflectiveMethodInvocation.proceed(ReflectiveMethodInvocation.java:157)\r\n	at org.springframework.cache.interceptor.CacheInterceptor$1.invoke(CacheInterceptor.java:52)\r\n	at org.springframework.cache.interceptor.CacheAspectSupport.invokeOperation(CacheAspectSupport.java:320)\r\n	at org.springframework.cache.interceptor.CacheAspectSupport.execute(CacheAspectSupport.java:353)\r\n	at org.springframework.cache.interceptor.CacheAspectSupport.execute(CacheAspectSupport.java:302)\r\n	at org.springframework.cache.interceptor.CacheInterceptor.invoke(CacheInterceptor.java:61)\r\n	at org.springframework.aop.framework.ReflectiveMethodInvocation.proceed(ReflectiveMethodInvocation.java:179)\r\n	at org.springframework.transaction.interceptor.TransactionInterceptor$1.proceedWithInvocation(TransactionInterceptor.java:99)\r\n	at org.springframework.transaction.interceptor.TransactionAspectSupport.invokeWithinTransaction(TransactionAspectSupport.java:281)\r\n	at org.springframework.transaction.interceptor.TransactionInterceptor.invoke(TransactionInterceptor.java:96)\r\n	at org.springframework.aop.framework.ReflectiveM', '1', '2016-10-27 13:02:31');
INSERT INTO `sys_log` VALUES ('102635', '修改授权项目', 'com.easycodebox.auth.core.service.sys.impl.ProjectServiceImpl.update(Project[id=5859,name=EasyCode Demo,projectNo=EASYCODE-EXAMPLE,status=OPEN,deleted=<null>,sort=0,num=<null>,remark=,creator=<null>,createTime=<null>,modifier=<null>,modifyTime=<null>,creatorName=<null>,modifierName=<null>])', 'http://localhost:7080/project/update.json', 'id=5859&name=EasyCode Demo&projectNo=EASYCODE-EXAMPLE&sort=0&status=OPEN&remark=', '1', '2', '1', '0:0:0:0:0:0:0:1', null, '1', '2016-10-27 13:02:38');
INSERT INTO `sys_log` VALUES ('102636', '导入权限', 'com.easycodebox.auth.core.service.user.impl.OperationServiceImpl.importFromXml(java.io.ByteArrayInputStream@deb46ce)', 'http://localhost:7080/operation/imports', '', '2', '2', null, '0:0:0:0:0:0:0:1', null, '1', '2016-10-27 13:02:49');
INSERT INTO `sys_log` VALUES ('103111', '导入权限', 'com.easycodebox.auth.core.service.user.impl.OperationServiceImpl.importFromXml(java.io.ByteArrayInputStream@6ff5f667)', 'http://localhost:7080/operation/imports', '', '2', '2', null, '0:0:0:0:0:0:0:1', null, '1', '2016-10-27 18:55:23');
INSERT INTO `sys_log` VALUES ('103112', '导入权限', 'com.easycodebox.auth.core.service.user.impl.OperationServiceImpl.importFromXml(java.io.ByteArrayInputStream@d31c9fe)', 'http://localhost:7080/operation/imports', '', '2', '2', null, '0:0:0:0:0:0:0:1', null, '1', '2016-10-27 18:55:24');
INSERT INTO `sys_log` VALUES ('103113', '导入权限', 'com.easycodebox.auth.core.service.user.impl.OperationServiceImpl.importFromXml(java.io.ByteArrayInputStream@9131bec)', 'http://localhost:7080/operation/imports', '', '2', '2', null, '0:0:0:0:0:0:0:1', null, '1', '2016-10-27 20:26:07');
INSERT INTO `sys_log` VALUES ('103114', '导出权限', 'com.easycodebox.auth.core.service.user.impl.OperationServiceImpl.exportToXml(operations.ftl, C:\\develop\\workspace\\beehive\\.metadata\\.plugins\\org.eclipse.wst.server.core\\tmp1\\wtpwebapps\\easycode-auth-backend\\WEB-INF\\classes\\operations)', 'http://localhost:7080/operation/exports.json', '', '2', '2', null, '0:0:0:0:0:0:0:1', null, '1', '2016-10-27 20:26:09');
INSERT INTO `sys_log` VALUES ('103611', '导入权限', 'com.easycodebox.auth.core.service.user.impl.OperationServiceImpl.importFromXml(java.io.FileInputStream@1129d444)', 'http://localhost:7080/operation/imports', '', '2', '4', null, '0:0:0:0:0:0:0:1', 'org.dom4j.DocumentException: Error on line 1 of document  : 前言中不允许有内容。 Nested exception: 前言中不允许有内容。\r\n	at org.dom4j.io.SAXReader.read(SAXReader.java:482)\r\n	at org.dom4j.io.SAXReader.read(SAXReader.java:343)\r\n	at com.easycodebox.auth.core.service.user.impl.OperationServiceImpl.importFromXml(OperationServiceImpl.java:242)\r\n	at sun.reflect.NativeMethodAccessorImpl.invoke0(Native Method)\r\n	at sun.reflect.NativeMethodAccessorImpl.invoke(NativeMethodAccessorImpl.java:62)\r\n	at sun.reflect.DelegatingMethodAccessorImpl.invoke(DelegatingMethodAccessorImpl.java:43)\r\n	at java.lang.reflect.Method.invoke(Method.java:498)\r\n	at org.springframework.aop.support.AopUtils.invokeJoinpointUsingReflection(AopUtils.java:302)\r\n	at org.springframework.aop.framework.ReflectiveMethodInvocation.invokeJoinpoint(ReflectiveMethodInvocation.java:190)\r\n	at org.springframework.aop.framework.ReflectiveMethodInvocation.proceed(ReflectiveMethodInvocation.java:157)\r\n	at org.springframework.cache.interceptor.CacheInterceptor$1.invoke(CacheInterceptor.java:52)\r\n	at org.springframework.cache.interceptor.CacheAspectSupport.invokeOperation(CacheAspectSupport.java:320)\r\n	at org.springframework.cache.interceptor.CacheAspectSupport.execute(CacheAspectSupport.java:353)\r\n	at org.springframework.cache.interceptor.CacheAspectSupport.execute(CacheAspectSupport.java:302)\r\n	at org.springframework.cache.interceptor.CacheInterceptor.invoke(CacheInterceptor.java:61)\r\n	at org.springframework.aop.framework.ReflectiveMethodInvocation.proceed(ReflectiveMethodInvocation.java:179)\r\n	at org.springframework.transaction.interceptor.TransactionInterceptor$1.proceedWithInvocation(TransactionInterceptor.java:99)\r\n	at org.springframework.transaction.interceptor.TransactionAspectSupport.invokeWithinTransaction(TransactionAspectSupport.java:281)\r\n	at org.springframework.transaction.interceptor.TransactionInterceptor.invoke(TransactionInterceptor.java:96)\r\n	at org.springframework.aop.framework.ReflectiveMethodInvocation.proceed(ReflectiveMethodInvocation.java:179)\r\n	at org.springframew', '1', '2016-10-28 09:13:48');
INSERT INTO `sys_log` VALUES ('103612', '导入权限', 'com.easycodebox.auth.core.service.user.impl.OperationServiceImpl.importFromXml(java.io.FileInputStream@26addcdb)', 'http://localhost:7080/operation/imports', '', '2', '4', null, '0:0:0:0:0:0:0:1', 'org.dom4j.DocumentException: Error on line 1 of document  : 前言中不允许有内容。 Nested exception: 前言中不允许有内容。\r\n	at org.dom4j.io.SAXReader.read(SAXReader.java:482)\r\n	at org.dom4j.io.SAXReader.read(SAXReader.java:343)\r\n	at com.easycodebox.auth.core.service.user.impl.OperationServiceImpl.importFromXml(OperationServiceImpl.java:242)\r\n	at sun.reflect.NativeMethodAccessorImpl.invoke0(Native Method)\r\n	at sun.reflect.NativeMethodAccessorImpl.invoke(NativeMethodAccessorImpl.java:62)\r\n	at sun.reflect.DelegatingMethodAccessorImpl.invoke(DelegatingMethodAccessorImpl.java:43)\r\n	at java.lang.reflect.Method.invoke(Method.java:498)\r\n	at org.springframework.aop.support.AopUtils.invokeJoinpointUsingReflection(AopUtils.java:302)\r\n	at org.springframework.aop.framework.ReflectiveMethodInvocation.invokeJoinpoint(ReflectiveMethodInvocation.java:190)\r\n	at org.springframework.aop.framework.ReflectiveMethodInvocation.proceed(ReflectiveMethodInvocation.java:157)\r\n	at org.springframework.cache.interceptor.CacheInterceptor$1.invoke(CacheInterceptor.java:52)\r\n	at org.springframework.cache.interceptor.CacheAspectSupport.invokeOperation(CacheAspectSupport.java:320)\r\n	at org.springframework.cache.interceptor.CacheAspectSupport.execute(CacheAspectSupport.java:353)\r\n	at org.springframework.cache.interceptor.CacheAspectSupport.execute(CacheAspectSupport.java:302)\r\n	at org.springframework.cache.interceptor.CacheInterceptor.invoke(CacheInterceptor.java:61)\r\n	at org.springframework.aop.framework.ReflectiveMethodInvocation.proceed(ReflectiveMethodInvocation.java:179)\r\n	at org.springframework.transaction.interceptor.TransactionInterceptor$1.proceedWithInvocation(TransactionInterceptor.java:99)\r\n	at org.springframework.transaction.interceptor.TransactionAspectSupport.invokeWithinTransaction(TransactionAspectSupport.java:281)\r\n	at org.springframework.transaction.interceptor.TransactionInterceptor.invoke(TransactionInterceptor.java:96)\r\n	at org.springframework.aop.framework.ReflectiveMethodInvocation.proceed(ReflectiveMethodInvocation.java:179)\r\n	at org.springframew', '1', '2016-10-28 09:13:58');
INSERT INTO `sys_log` VALUES ('103613', '导入权限', 'com.easycodebox.auth.core.service.user.impl.OperationServiceImpl.importFromXml(java.io.FileInputStream@7a1b5912)', 'http://localhost:7080/operation/imports', '', '2', '4', null, '0:0:0:0:0:0:0:1', 'org.dom4j.DocumentException: Error on line 1 of document  : 前言中不允许有内容。 Nested exception: 前言中不允许有内容。\r\n	at org.dom4j.io.SAXReader.read(SAXReader.java:482)\r\n	at org.dom4j.io.SAXReader.read(SAXReader.java:343)\r\n	at com.easycodebox.auth.core.service.user.impl.OperationServiceImpl.importFromXml(OperationServiceImpl.java:242)\r\n	at sun.reflect.NativeMethodAccessorImpl.invoke0(Native Method)\r\n	at sun.reflect.NativeMethodAccessorImpl.invoke(NativeMethodAccessorImpl.java:62)\r\n	at sun.reflect.DelegatingMethodAccessorImpl.invoke(DelegatingMethodAccessorImpl.java:43)\r\n	at java.lang.reflect.Method.invoke(Method.java:498)\r\n	at org.springframework.aop.support.AopUtils.invokeJoinpointUsingReflection(AopUtils.java:302)\r\n	at org.springframework.aop.framework.ReflectiveMethodInvocation.invokeJoinpoint(ReflectiveMethodInvocation.java:190)\r\n	at org.springframework.aop.framework.ReflectiveMethodInvocation.proceed(ReflectiveMethodInvocation.java:157)\r\n	at org.springframework.cache.interceptor.CacheInterceptor$1.invoke(CacheInterceptor.java:52)\r\n	at org.springframework.cache.interceptor.CacheAspectSupport.invokeOperation(CacheAspectSupport.java:320)\r\n	at org.springframework.cache.interceptor.CacheAspectSupport.execute(CacheAspectSupport.java:353)\r\n	at org.springframework.cache.interceptor.CacheAspectSupport.execute(CacheAspectSupport.java:302)\r\n	at org.springframework.cache.interceptor.CacheInterceptor.invoke(CacheInterceptor.java:61)\r\n	at org.springframework.aop.framework.ReflectiveMethodInvocation.proceed(ReflectiveMethodInvocation.java:179)\r\n	at org.springframework.transaction.interceptor.TransactionInterceptor$1.proceedWithInvocation(TransactionInterceptor.java:99)\r\n	at org.springframework.transaction.interceptor.TransactionAspectSupport.invokeWithinTransaction(TransactionAspectSupport.java:281)\r\n	at org.springframework.transaction.interceptor.TransactionInterceptor.invoke(TransactionInterceptor.java:96)\r\n	at org.springframework.aop.framework.ReflectiveMethodInvocation.proceed(ReflectiveMethodInvocation.java:179)\r\n	at org.springframew', '1', '2016-10-28 09:14:06');
INSERT INTO `sys_log` VALUES ('103614', '导入权限', 'com.easycodebox.auth.core.service.user.impl.OperationServiceImpl.importFromXml(java.io.ByteArrayInputStream@179315db)', 'http://localhost:7080/operation/imports', '', '2', '2', null, '0:0:0:0:0:0:0:1', null, '1', '2016-10-28 10:09:51');
INSERT INTO `sys_log` VALUES ('103615', '添加授权项目', 'com.easycodebox.auth.core.service.sys.impl.ProjectServiceImpl.add(Project[id=<null>,name=111,projectNo=111,status=OPEN,deleted=<null>,sort=0,num=<null>,remark=,creator=<null>,createTime=<null>,modifier=<null>,modifyTime=<null>,creatorName=<null>,modifierName=<null>])', 'http://localhost:7080/project/add.json', 'name=111&projectNo=111&sort=0&status=OPEN&remark=', '1', '2', 'Project[id=6359,name=111,projectNo=111,status=OPEN,deleted=NO,sort=0,num=3,remark=,creator=1,createTime=Fri Oct 28 14:52:15 GMT+08:00 2016,modifier=1,modifyTime=Fri Oct 28 14:52:15 GMT+08:00 2016,creatorName=<null>,modifierName=<null>]', '0:0:0:0:0:0:0:1', null, '1', '2016-10-28 14:52:15');
INSERT INTO `sys_log` VALUES ('103616', '添加授权项目', 'com.easycodebox.auth.core.service.sys.impl.ProjectServiceImpl.add(Project[id=<null>,name=222,projectNo=222,status=OPEN,deleted=<null>,sort=0,num=<null>,remark=,creator=<null>,createTime=<null>,modifier=<null>,modifyTime=<null>,creatorName=<null>,modifierName=<null>])', 'http://localhost:7080/project/add.json', 'name=222&projectNo=222&sort=0&status=OPEN&remark=', '1', '2', 'Project[id=6360,name=222,projectNo=222,status=OPEN,deleted=NO,sort=0,num=4,remark=,creator=1,createTime=Fri Oct 28 14:52:23 GMT+08:00 2016,modifier=1,modifyTime=Fri Oct 28 14:52:23 GMT+08:00 2016,creatorName=<null>,modifierName=<null>]', '0:0:0:0:0:0:0:1', null, '1', '2016-10-28 14:52:23');
INSERT INTO `sys_log` VALUES ('103617', '添加授权项目', 'com.easycodebox.auth.core.service.sys.impl.ProjectServiceImpl.add(Project[id=<null>,name=33,projectNo=33,status=OPEN,deleted=<null>,sort=0,num=<null>,remark=,creator=<null>,createTime=<null>,modifier=<null>,modifyTime=<null>,creatorName=<null>,modifierName=<null>])', 'http://localhost:7080/project/add.json', 'name=33&projectNo=33&sort=0&status=OPEN&remark=', '1', '2', 'Project[id=6361,name=33,projectNo=33,status=OPEN,deleted=NO,sort=0,num=5,remark=,creator=1,createTime=Fri Oct 28 14:52:29 GMT+08:00 2016,modifier=1,modifyTime=Fri Oct 28 14:52:29 GMT+08:00 2016,creatorName=<null>,modifierName=<null>]', '0:0:0:0:0:0:0:1', null, '1', '2016-10-28 14:52:29');
INSERT INTO `sys_log` VALUES ('103618', '修改授权项目', 'com.easycodebox.auth.core.service.sys.impl.ProjectServiceImpl.update(Project[id=6361,name=权限项目1111111（后台）,projectNo=33,status=OPEN,deleted=<null>,sort=0,num=<null>,remark=,creator=<null>,createTime=<null>,modifier=<null>,modifyTime=<null>,creatorName=<null>,modifierName=<null>])', 'http://localhost:7080/project/update.json', 'id=6361&name=权限项目1111111（后台）&projectNo=33&sort=0&status=OPEN&remark=', '1', '2', '1', '0:0:0:0:0:0:0:1', null, '1', '2016-10-28 14:53:04');
INSERT INTO `sys_log` VALUES ('103619', '修改授权项目', 'com.easycodebox.auth.core.service.sys.impl.ProjectServiceImpl.update(Project[id=6360,name=权限3333333项目（后台）,projectNo=222,status=OPEN,deleted=<null>,sort=0,num=<null>,remark=,creator=<null>,createTime=<null>,modifier=<null>,modifyTime=<null>,creatorName=<null>,modifierName=<null>])', 'http://localhost:7080/project/update.json', 'id=6360&name=权限3333333项目（后台）&projectNo=222&sort=0&status=OPEN&remark=', '1', '2', '1', '0:0:0:0:0:0:0:1', null, '1', '2016-10-28 14:53:15');
INSERT INTO `sys_log` VALUES ('103620', '修改授权项目', 'com.easycodebox.auth.core.service.sys.impl.ProjectServiceImpl.update(Project[id=6359,name=权限rrrrrrrrrr项目（后台）,projectNo=111,status=OPEN,deleted=<null>,sort=0,num=<null>,remark=,creator=<null>,createTime=<null>,modifier=<null>,modifyTime=<null>,creatorName=<null>,modifierName=<null>])', 'http://localhost:7080/project/update.json', 'id=6359&name=权限rrrrrrrrrr项目（后台）&projectNo=111&sort=0&status=OPEN&remark=', '1', '2', '1', '0:0:0:0:0:0:0:1', null, '1', '2016-10-28 14:53:23');
INSERT INTO `sys_log` VALUES ('104111', '导出权限', 'com.easycodebox.auth.core.service.user.impl.OperationServiceImpl.exportToXml(operations.ftl, 5859, org.apache.catalina.connector.CoyoteWriter@75336e9b)', 'http://localhost:7080/operation/exports/5859', '', '2', '2', 'easycode-example.xml', '0:0:0:0:0:0:0:1', null, '1', '2016-10-30 13:25:07');
INSERT INTO `sys_log` VALUES ('104112', '导出权限', 'com.easycodebox.auth.core.service.user.impl.OperationServiceImpl.exportToXml(operations.ftl, 1359, org.apache.catalina.connector.CoyoteWriter@691966a3)', 'http://localhost:7080/operation/exports/1359', '', '2', '2', 'easycode-auth-backend.xml', '0:0:0:0:0:0:0:1', null, '1', '2016-10-30 13:28:12');
INSERT INTO `sys_log` VALUES ('104611', '导出权限', 'com.easycodebox.auth.core.service.user.impl.OperationServiceImpl.exportToXml(operations.ftl, 1359, org.apache.catalina.connector.CoyoteWriter@37acda5b)', 'http://localhost:7080/operation/exports/1359', '', '2', '2', 'easycode-auth-backend.xml', '0:0:0:0:0:0:0:1', null, '1', '2016-10-30 13:32:43');
INSERT INTO `sys_log` VALUES ('105111', '导出权限', 'com.easycodebox.auth.core.service.user.impl.OperationServiceImpl.exportToXml(operations.ftl, 5859, org.apache.catalina.connector.CoyoteWriter@11be518a)', 'http://localhost:7080/operation/exports/5859', '', '2', '2', null, '0:0:0:0:0:0:0:1', null, '1', '2016-10-30 13:34:30');
INSERT INTO `sys_log` VALUES ('105112', '导出权限', 'com.easycodebox.auth.core.service.user.impl.OperationServiceImpl.exportToXml(operations.ftl, 1359, org.apache.catalina.connector.CoyoteWriter@64446fd1)', 'http://localhost:7080/operation/exports/1359', '', '2', '2', null, '0:0:0:0:0:0:0:1', null, '1', '2016-10-30 13:34:48');
INSERT INTO `sys_log` VALUES ('105611', '导出权限', 'com.easycodebox.auth.core.service.user.impl.OperationServiceImpl.exportToXml(operations.ftl, 1359, org.apache.catalina.connector.CoyoteWriter@178df80)', 'http://localhost:7080/operation/exports/1359', '', '2', '2', null, '0:0:0:0:0:0:0:1', null, '1', '2016-10-30 13:39:30');
INSERT INTO `sys_log` VALUES ('105612', '导出权限', 'com.easycodebox.auth.core.service.user.impl.OperationServiceImpl.exportToXml(operations.ftl, 5859, org.apache.catalina.connector.CoyoteWriter@a4185c9)', 'http://localhost:7080/operation/exports/5859', '', '2', '2', null, '0:0:0:0:0:0:0:1', null, '1', '2016-10-30 13:39:38');
INSERT INTO `sys_log` VALUES ('105613', '导出权限', 'com.easycodebox.auth.core.service.user.impl.OperationServiceImpl.exportToXml(operations.ftl, 1359, org.apache.catalina.connector.CoyoteWriter@178df80)', 'http://localhost:7080/operation/exports/1359', '', '2', '2', null, '0:0:0:0:0:0:0:1', null, '1', '2016-10-30 13:39:48');
INSERT INTO `sys_log` VALUES ('105614', '导出权限', 'com.easycodebox.auth.core.service.user.impl.OperationServiceImpl.exportToXml(operations.ftl, 1359, org.apache.catalina.connector.CoyoteWriter@a4185c9)', 'http://localhost:7080/operation/exports/1359', '', '2', '2', null, '0:0:0:0:0:0:0:1', null, '1', '2016-10-30 13:39:56');
INSERT INTO `sys_log` VALUES ('106111', '导出权限', 'com.easycodebox.auth.core.service.user.impl.OperationServiceImpl.exportToXml(operations.ftl, 1359, org.apache.catalina.connector.CoyoteWriter@2294d15f)', 'http://localhost:7080/operation/exports/1359', '', '2', '2', null, '0:0:0:0:0:0:0:1', null, '1', '2016-10-30 13:46:19');
INSERT INTO `sys_log` VALUES ('106112', '导出权限', 'com.easycodebox.auth.core.service.user.impl.OperationServiceImpl.exportToXml(operations.ftl, 5859, org.apache.catalina.connector.CoyoteWriter@48ccca1d)', 'http://localhost:7080/operation/exports/5859', '', '2', '2', null, '0:0:0:0:0:0:0:1', null, '1', '2016-10-30 13:46:23');
INSERT INTO `sys_log` VALUES ('106113', '导出权限', 'com.easycodebox.auth.core.service.user.impl.OperationServiceImpl.exportToXml(operations.ftl, 1359, org.apache.catalina.connector.CoyoteWriter@7397d3f)', 'http://localhost:7080/operation/exports/1359', '', '2', '2', null, '0:0:0:0:0:0:0:1', null, '1', '2016-10-30 13:47:22');
INSERT INTO `sys_log` VALUES ('106114', '导出权限', 'com.easycodebox.auth.core.service.user.impl.OperationServiceImpl.exportToXml(operations.ftl, 5859, org.apache.catalina.connector.CoyoteWriter@48ccca1d)', 'http://localhost:7080/operation/exports/5859', '', '2', '2', null, '0:0:0:0:0:0:0:1', null, '1', '2016-10-30 13:47:30');
INSERT INTO `sys_log` VALUES ('106611', '添加角色', 'com.easycodebox.auth.core.service.user.impl.RoleServiceImpl.add(Role[id=<null>,name=test,sort=0,status=OPEN,deleted=<null>,description=1,remark=1,roleOperations=<null>,userRoles=<null>,groupRoles=<null>,isOwn=<null>,isGroupOwn=<null>,creator=<null>,createTime=<null>,modifier=<null>,modifyTime=<null>,creatorName=<null>,modifierName=<null>])', 'http://localhost:7080/role/add.json', 'name=test&sort=0&status=OPEN&description=1&remark=1', '2', '2', 'Role[id=10359,name=test,sort=0,status=OPEN,deleted=NO,description=1,remark=1,roleOperations=<null>,userRoles=<null>,groupRoles=<null>,isOwn=<null>,isGroupOwn=<null>,creator=1,createTime=Tue Nov 01 22:42:37 GMT+08:00 2016,modifier=1,modifyTime=Tue Nov 01 22:42:37 GMT+08:00 2016,creatorName=<null>,modifierName=<null>]', '0:0:0:0:0:0:0:1', null, '1', '2016-11-01 22:42:37');
INSERT INTO `sys_log` VALUES ('106612', '修改角色', 'com.easycodebox.auth.core.service.user.impl.RoleServiceImpl.update(Role[id=10359,name=test,sort=0,status=<null>,deleted=<null>,description=2,remark=2,roleOperations=<null>,userRoles=<null>,groupRoles=<null>,isOwn=<null>,isGroupOwn=<null>,creator=<null>,createTime=<null>,modifier=<null>,modifyTime=<null>,creatorName=<null>,modifierName=<null>])', 'http://localhost:7080/role/update.json', 'id=10359&name=test&sort=0&description=2&remark=2', '2', '2', '1', '0:0:0:0:0:0:0:1', null, '1', '2016-11-01 22:42:44');
INSERT INTO `sys_log` VALUES ('107111', '修改授权项目', 'com.easycodebox.auth.core.service.sys.impl.ProjectServiceImpl.update(Project[id=5859,name=EasyCodeExample,projectNo=EASYCODE-EXAMPLE,status=OPEN,deleted=<null>,sort=0,num=<null>,remark=,creator=<null>,createTime=<null>,modifier=<null>,modifyTime=<null>,creatorName=<null>,modifierName=<null>])', 'http://localhost:7080/project/update.json', 'id=5859&name=EasyCodeExample&projectNo=EASYCODE-EXAMPLE&sort=0&status=OPEN&remark=', '1', '2', '1', '0:0:0:0:0:0:0:1', null, '1', '2016-11-03 21:13:39');
INSERT INTO `sys_log` VALUES ('107112', '配置指定角色权限', 'com.easycodebox.auth.core.service.user.impl.OperationServiceImpl.addOperationsOfRole(3859, [Ljava.lang.Long;@294f8117)', 'http://localhost:7080/operation/addOperationsOfRole.json', 'oprtds=101000000&oprtds=101010000&oprtds=101015100&oprtds=101015200&oprtds=101015000&oprtds=101020000&oprtds=101025300&oprtds=101025100&oprtds=101025400&oprtds=101025200&oprtds=101025000&oprtds=101030000&oprtds=101035100&oprtds=101035200&oprtds=101035000&oprtds=101040000&oprtds=101045000&oprtds=101045300&oprtds=101045100&oprtds=101045400&oprtds=101045200&oprtds=102000000&oprtds=102010000&oprtds=102015000&oprtds=102015800&oprtds=102015300&oprtds=102015600&oprtds=102015100&oprtds=102015700&oprtds=102015200&oprtds=102020000&oprtds=102025500&oprtds=102025000&oprtds=102025300&oprtds=102025600&oprtds=102025100&oprtds=102025400&oprtds=102025700&oprtds=102025200&oprtds=102030000&oprtds=102035200&oprtds=102035500&oprtds=102035000&oprtds=102035300&oprtds=102035600&oprtds=102035100&oprtds=102035400&oprtds=102035700&oprtds=102040000&oprtds=102045700&oprtds=102045200&oprtds=102045500&oprtds=102045000&oprtds=102045300&oprtds=102045600&oprtds=102045100&oprtds=102045400&oprtds=201000000&oprtds=201010000&oprtds=201015100&oprtds=201015200&oprtds=201015000&oprtds=201020000&oprtds=201025300&oprtds=201025100&oprtds=201025400&oprtds=201025200&oprtds=201025000&projectIds=1359&projectIds=5859&roleId=3859', '2', '2', null, '0:0:0:0:0:0:0:1', null, '1', '2016-11-03 21:14:24');
INSERT INTO `sys_log` VALUES ('107113', '配置指定角色和项目的对应关系', 'com.easycodebox.auth.core.service.user.impl.RoleProjectServiceImpl.updateRoleProjectByRoleId(3859, [Ljava.lang.Integer;@7d3a4aab)', 'http://localhost:7080/operation/addOperationsOfRole.json', 'oprtds=101000000&oprtds=101010000&oprtds=101015100&oprtds=101015200&oprtds=101015000&oprtds=101020000&oprtds=101025300&oprtds=101025100&oprtds=101025400&oprtds=101025200&oprtds=101025000&oprtds=101030000&oprtds=101035100&oprtds=101035200&oprtds=101035000&oprtds=101040000&oprtds=101045000&oprtds=101045300&oprtds=101045100&oprtds=101045400&oprtds=101045200&oprtds=102000000&oprtds=102010000&oprtds=102015000&oprtds=102015800&oprtds=102015300&oprtds=102015600&oprtds=102015100&oprtds=102015700&oprtds=102015200&oprtds=102020000&oprtds=102025500&oprtds=102025000&oprtds=102025300&oprtds=102025600&oprtds=102025100&oprtds=102025400&oprtds=102025700&oprtds=102025200&oprtds=102030000&oprtds=102035200&oprtds=102035500&oprtds=102035000&oprtds=102035300&oprtds=102035600&oprtds=102035100&oprtds=102035400&oprtds=102035700&oprtds=102040000&oprtds=102045700&oprtds=102045200&oprtds=102045500&oprtds=102045000&oprtds=102045300&oprtds=102045600&oprtds=102045100&oprtds=102045400&oprtds=201000000&oprtds=201010000&oprtds=201015100&oprtds=201015200&oprtds=201015000&oprtds=201020000&oprtds=201025300&oprtds=201025100&oprtds=201025400&oprtds=201025200&oprtds=201025000&projectIds=1359&projectIds=5859&roleId=3859', '2', '2', '2', '0:0:0:0:0:0:0:1', null, '1', '2016-11-03 21:14:24');
INSERT INTO `sys_log` VALUES ('107114', '配置指定角色权限', 'com.easycodebox.auth.core.service.user.impl.OperationServiceImpl.addOperationsOfRole(3859, [Ljava.lang.Long;@3276bde3)', 'http://localhost:7080/operation/addOperationsOfRole.json', 'oprtds=101000000&oprtds=101010000&oprtds=101015100&oprtds=101015200&oprtds=101015000&oprtds=101020000&oprtds=101025300&oprtds=101025100&oprtds=101025400&oprtds=101025200&oprtds=101025000&oprtds=101030000&oprtds=101035100&oprtds=101035200&oprtds=101035000&oprtds=101040000&oprtds=101045000&oprtds=101045300&oprtds=101045100&oprtds=101045400&oprtds=101045200&oprtds=102000000&oprtds=102010000&oprtds=102015500&oprtds=102015000&oprtds=102015800&oprtds=102015300&oprtds=102015600&oprtds=102015100&oprtds=102015400&oprtds=102015700&oprtds=102015200&oprtds=102020000&oprtds=102025500&oprtds=102025000&oprtds=102025300&oprtds=102025600&oprtds=102025100&oprtds=102025400&oprtds=102025700&oprtds=102025200&oprtds=102030000&oprtds=102035200&oprtds=102035500&oprtds=102035000&oprtds=102035300&oprtds=102035600&oprtds=102035100&oprtds=102035400&oprtds=102035700&oprtds=102040000&oprtds=102045700&oprtds=102045200&oprtds=102045500&oprtds=102045000&oprtds=102045300&oprtds=102045600&oprtds=102045100&oprtds=102045400&oprtds=201000000&oprtds=201010000&oprtds=201015100&oprtds=201015200&oprtds=201015000&oprtds=201020000&oprtds=201025300&oprtds=201025100&oprtds=201025400&oprtds=201025200&oprtds=201025000&projectIds=1359&projectIds=5859&roleId=3859', '2', '2', null, '0:0:0:0:0:0:0:1', null, '1', '2016-11-03 21:14:39');
INSERT INTO `sys_log` VALUES ('107115', '配置指定角色和项目的对应关系', 'com.easycodebox.auth.core.service.user.impl.RoleProjectServiceImpl.updateRoleProjectByRoleId(3859, [Ljava.lang.Integer;@220091d9)', 'http://localhost:7080/operation/addOperationsOfRole.json', 'oprtds=101000000&oprtds=101010000&oprtds=101015100&oprtds=101015200&oprtds=101015000&oprtds=101020000&oprtds=101025300&oprtds=101025100&oprtds=101025400&oprtds=101025200&oprtds=101025000&oprtds=101030000&oprtds=101035100&oprtds=101035200&oprtds=101035000&oprtds=101040000&oprtds=101045000&oprtds=101045300&oprtds=101045100&oprtds=101045400&oprtds=101045200&oprtds=102000000&oprtds=102010000&oprtds=102015500&oprtds=102015000&oprtds=102015800&oprtds=102015300&oprtds=102015600&oprtds=102015100&oprtds=102015400&oprtds=102015700&oprtds=102015200&oprtds=102020000&oprtds=102025500&oprtds=102025000&oprtds=102025300&oprtds=102025600&oprtds=102025100&oprtds=102025400&oprtds=102025700&oprtds=102025200&oprtds=102030000&oprtds=102035200&oprtds=102035500&oprtds=102035000&oprtds=102035300&oprtds=102035600&oprtds=102035100&oprtds=102035400&oprtds=102035700&oprtds=102040000&oprtds=102045700&oprtds=102045200&oprtds=102045500&oprtds=102045000&oprtds=102045300&oprtds=102045600&oprtds=102045100&oprtds=102045400&oprtds=201000000&oprtds=201010000&oprtds=201015100&oprtds=201015200&oprtds=201015000&oprtds=201020000&oprtds=201025300&oprtds=201025100&oprtds=201025400&oprtds=201025200&oprtds=201025000&projectIds=1359&projectIds=5859&roleId=3859', '2', '2', '2', '0:0:0:0:0:0:0:1', null, '1', '2016-11-03 21:14:39');

-- ----------------------------
-- Table structure for sys_partner
-- ----------------------------
DROP TABLE IF EXISTS `sys_partner`;
CREATE TABLE `sys_partner` (
  `id` varchar(32) NOT NULL COMMENT '主键',
  `name` varchar(128) NOT NULL COMMENT '合作商名',
  `partnerKey` varchar(32) NOT NULL COMMENT '密钥 - 加密解密数据的密钥值',
  `website` varchar(512) DEFAULT NULL COMMENT '网址',
  `status` int(1) NOT NULL COMMENT '状态',
  `deleted` int(1) NOT NULL COMMENT '是否删除',
  `sort` int(9) NOT NULL COMMENT '排序值',
  `contract` varchar(512) DEFAULT NULL COMMENT '合同',
  `remark` varchar(512) DEFAULT NULL COMMENT '备注',
  `creator` varchar(32) NOT NULL COMMENT '创建人',
  `createTime` datetime NOT NULL COMMENT '创建时间',
  `modifier` varchar(32) NOT NULL COMMENT '修改人',
  `modifyTime` datetime NOT NULL COMMENT '修改时间',
  PRIMARY KEY (`id`)
) ENGINE=InnoDB DEFAULT CHARSET=utf8 COMMENT='合作商 - 合作商调用接口配置';

-- ----------------------------
-- Records of sys_partner
-- ----------------------------
INSERT INTO `sys_partner` VALUES ('a15b6', '云商', 'a15db6f', '', '0', '0', '0', 'contract/partner/6a59f.jpg', '  ', '1', '2015-03-24 16:25:49', '1', '2016-09-29 23:44:11');

-- ----------------------------
-- Table structure for sys_project
-- ----------------------------
DROP TABLE IF EXISTS `sys_project`;
CREATE TABLE `sys_project` (
  `id` int(9) NOT NULL COMMENT '主键',
  `name` varchar(32) NOT NULL COMMENT '项目名',
  `projectNo` varchar(32) NOT NULL COMMENT '项目编号',
  `status` int(1) NOT NULL COMMENT '状态',
  `deleted` int(1) NOT NULL COMMENT '是否删除',
  `sort` int(9) NOT NULL COMMENT '排序值',
  `num` int(9) NOT NULL COMMENT '项目数量 - 从1开始依次递增',
  `remark` varchar(512) DEFAULT NULL COMMENT '备注',
  `creator` varchar(32) NOT NULL COMMENT '创建人',
  `createTime` datetime NOT NULL COMMENT '创建时间',
  `modifier` varchar(32) NOT NULL COMMENT '修改人',
  `modifyTime` datetime NOT NULL COMMENT '修改时间',
  PRIMARY KEY (`id`)
) ENGINE=InnoDB DEFAULT CHARSET=utf8 COMMENT='项目 - 受权限管理的项目';

-- ----------------------------
-- Records of sys_project
-- ----------------------------
INSERT INTO `sys_project` VALUES ('1359', '权限项目（后台）', 'EASYCODE-AUTH-BACKEND', '0', '0', '7', '1', '  ', '1', '2015-03-11 17:00:36', '1', '2016-08-12 16:19:34');
INSERT INTO `sys_project` VALUES ('5859', 'EasyCodeExample', 'EASYCODE-EXAMPLE', '0', '0', '0', '2', '', '1', '2016-10-27 13:00:28', '1', '2016-11-03 21:13:39');

-- ----------------------------
-- Table structure for u_group
-- ----------------------------
DROP TABLE IF EXISTS `u_group`;
CREATE TABLE `u_group` (
  `id` int(9) NOT NULL COMMENT '主键',
  `parentId` int(9) DEFAULT NULL COMMENT '上级组织',
  `name` varchar(32) NOT NULL COMMENT '组名',
  `sort` int(9) NOT NULL COMMENT '排序值',
  `status` int(1) NOT NULL COMMENT '状态',
  `deleted` int(1) NOT NULL COMMENT '是否删除',
  `creator` varchar(32) NOT NULL COMMENT '创建人',
  `createTime` datetime NOT NULL COMMENT '创建时间',
  `modifier` varchar(32) NOT NULL COMMENT '修改人',
  `modifyTime` datetime NOT NULL COMMENT '修改时间',
  PRIMARY KEY (`id`)
) ENGINE=InnoDB DEFAULT CHARSET=utf8 COMMENT='用户组 - 用户组';

-- ----------------------------
-- Records of u_group
-- ----------------------------
INSERT INTO `u_group` VALUES ('360', null, '研发部', '55', '0', '0', '1', '2015-03-04 13:00:27', 'a162y', '2016-10-18 19:32:40');
INSERT INTO `u_group` VALUES ('362', null, '市场部', '2', '0', '0', '1', '2015-03-04 13:21:19', '1', '2016-07-20 12:45:19');

-- ----------------------------
-- Table structure for u_group_role
-- ----------------------------
DROP TABLE IF EXISTS `u_group_role`;
CREATE TABLE `u_group_role` (
  `roleId` int(9) NOT NULL COMMENT '角色ID',
  `groupId` int(9) NOT NULL COMMENT '用户组ID',
  `creator` varchar(32) NOT NULL COMMENT '创建人',
  `createTime` datetime NOT NULL COMMENT '创建时间',
  PRIMARY KEY (`roleId`,`groupId`)
) ENGINE=InnoDB DEFAULT CHARSET=utf8 COMMENT='用户组角色 - 用户组与角色对应的关系';

-- ----------------------------
-- Records of u_group_role
-- ----------------------------
INSERT INTO `u_group_role` VALUES ('1361', '360', 'a162y', '2016-10-18 19:32:09');

-- ----------------------------
-- Table structure for u_operation
-- ----------------------------
DROP TABLE IF EXISTS `u_operation`;
CREATE TABLE `u_operation` (
  `id` bigint(18) NOT NULL COMMENT '主键',
  `parentId` int(9) DEFAULT NULL COMMENT '上级权限',
  `projectId` int(9) NOT NULL COMMENT '项目ID',
  `name` varchar(128) NOT NULL COMMENT '权限名',
  `status` int(1) NOT NULL COMMENT '状态',
  `deleted` int(1) NOT NULL COMMENT '是否删除',
  `isMenu` int(1) NOT NULL COMMENT '菜单 - 是否为菜单按钮',
  `url` varchar(128) DEFAULT NULL COMMENT '地址',
  `sort` int(9) NOT NULL COMMENT '排序值',
  `icon` varchar(128) DEFAULT NULL COMMENT '图标',
  `description` varchar(512) DEFAULT NULL COMMENT '描述',
  `remark` varchar(512) DEFAULT NULL COMMENT '备注',
  `creator` varchar(32) NOT NULL COMMENT '创建人',
  `createTime` datetime NOT NULL COMMENT '创建时间',
  `modifier` varchar(32) NOT NULL COMMENT '修改人',
  `modifyTime` datetime NOT NULL COMMENT '修改时间',
  PRIMARY KEY (`id`)
) ENGINE=InnoDB DEFAULT CHARSET=utf8 COMMENT='权限 - 权限';

-- ----------------------------
-- Records of u_operation
-- ----------------------------
INSERT INTO `u_operation` VALUES ('101000000', null, '1359', '系统管理', '0', '0', '1', null, '0', 'fa fa-cogs', '系统管理', null, '1', '2016-10-18 14:45:57', '1', '2016-10-18 14:45:57');
INSERT INTO `u_operation` VALUES ('101010000', '101000000', '1359', '日志管理', '0', '0', '1', 'log', '0', null, '日志管理页面', null, '1', '2016-10-18 14:45:57', '1', '2016-10-18 14:45:57');
INSERT INTO `u_operation` VALUES ('101015000', '101010000', '1359', '日志列表', '0', '0', '0', 'log/list', '0', null, '日志列表', null, '1', '2016-10-18 14:45:57', '1', '2016-10-18 14:45:57');
INSERT INTO `u_operation` VALUES ('101015100', '101010000', '1359', '日志详情', '0', '0', '0', 'log/load', '0', null, '日志详情', null, '1', '2016-10-18 14:45:57', '1', '2016-10-18 14:45:57');
INSERT INTO `u_operation` VALUES ('101015200', '101010000', '1359', '删除日志', '0', '0', '0', 'log/removePhy', '0', null, '删除日志', null, '1', '2016-10-18 14:45:57', '1', '2016-10-18 14:45:57');
INSERT INTO `u_operation` VALUES ('101020000', '101000000', '1359', '授权项目管理', '0', '0', '1', 'project', '0', null, '授权项目管理页面', null, '1', '2016-10-18 14:45:57', '1', '2016-10-18 14:45:57');
INSERT INTO `u_operation` VALUES ('101025000', '101020000', '1359', '授权项目列表', '0', '0', '0', 'project/list', '0', null, '授权项目列表', null, '1', '2016-10-18 14:45:57', '1', '2016-10-18 14:45:57');
INSERT INTO `u_operation` VALUES ('101025100', '101020000', '1359', '授权项目详情', '0', '0', '0', 'project/load', '0', null, '授权项目详情', null, '1', '2016-10-18 14:45:57', '1', '2016-10-18 14:45:57');
INSERT INTO `u_operation` VALUES ('101025200', '101020000', '1359', '修改授权项目', '0', '0', '0', 'project/update', '0', null, '修改授权项目', null, '1', '2016-10-18 14:45:57', '1', '2016-10-18 14:45:57');
INSERT INTO `u_operation` VALUES ('101025300', '101020000', '1359', '删除授权项目', '0', '0', '0', 'project/remove', '0', null, '删除授权项目', null, '1', '2016-10-18 14:45:57', '1', '2016-10-18 14:45:57');
INSERT INTO `u_operation` VALUES ('101025400', '101020000', '1359', '启用/禁用授权项目', '0', '0', '0', 'project/openClose', '0', null, '启用/禁用授权项目', null, '1', '2016-10-18 14:45:57', '1', '2016-10-18 14:45:57');
INSERT INTO `u_operation` VALUES ('101030000', '101000000', '1359', '生成策略管理', '0', '0', '1', 'generator', '0', null, '生成策略管理页面', null, '1', '2016-10-18 14:45:57', '1', '2016-10-18 14:45:57');
INSERT INTO `u_operation` VALUES ('101035000', '101030000', '1359', '生成策略列表', '0', '0', '0', 'generator/list', '0', null, '生成策略列表', null, '1', '2016-10-18 14:45:57', '1', '2016-10-18 14:45:57');
INSERT INTO `u_operation` VALUES ('101035100', '101030000', '1359', '生成策略详情', '0', '0', '0', 'generator/load', '0', null, '生成策略详情', null, '1', '2016-10-18 14:45:57', '1', '2016-10-18 14:45:57');
INSERT INTO `u_operation` VALUES ('101035200', '101030000', '1359', '修改生成策略', '0', '0', '0', 'generator/update', '0', null, '修改生成策略', null, '1', '2016-10-18 14:45:57', '1', '2016-10-18 14:45:57');
INSERT INTO `u_operation` VALUES ('101040000', '101000000', '1359', '合作商管理', '0', '0', '1', 'partner', '0', null, '合作商管理页面', null, '1', '2016-10-18 14:45:57', '1', '2016-10-18 14:45:57');
INSERT INTO `u_operation` VALUES ('101045000', '101040000', '1359', '合作商列表', '0', '0', '0', 'partner/list', '0', null, '合作商列表', null, '1', '2016-10-18 14:45:57', '1', '2016-10-18 14:45:57');
INSERT INTO `u_operation` VALUES ('101045100', '101040000', '1359', '合作商详情', '0', '0', '0', 'partner/load', '0', null, '合作商详情', null, '1', '2016-10-18 14:45:57', '1', '2016-10-18 14:45:57');
INSERT INTO `u_operation` VALUES ('101045200', '101040000', '1359', '修改合作商', '0', '0', '0', 'partner/update', '0', null, '修改合作商', null, '1', '2016-10-18 14:45:57', '1', '2016-10-18 14:45:57');
INSERT INTO `u_operation` VALUES ('101045300', '101040000', '1359', '删除合作商', '0', '0', '0', 'partner/remove', '0', null, '删除合作商', null, '1', '2016-10-18 14:45:57', '1', '2016-10-18 14:45:57');
INSERT INTO `u_operation` VALUES ('101045400', '101040000', '1359', '启用/禁用合作商', '0', '0', '0', 'partner/openClose', '0', null, '启用/禁用合作商', null, '1', '2016-10-18 14:45:57', '1', '2016-10-18 14:45:57');
INSERT INTO `u_operation` VALUES ('102000000', null, '1359', '用户管理', '0', '0', '1', null, '0', 'fa fa-user', '用户管理', null, '1', '2016-10-18 14:45:57', '1', '2016-10-18 14:45:57');
INSERT INTO `u_operation` VALUES ('102010000', '102000000', '1359', '用户管理', '0', '0', '1', 'user', '0', null, '用户管理页面', null, '1', '2016-10-18 14:45:57', '1', '2016-10-18 14:45:57');
INSERT INTO `u_operation` VALUES ('102015000', '102010000', '1359', '用户列表', '0', '0', '0', 'user/list', '0', null, '用户列表', null, '1', '2016-10-18 14:45:57', '1', '2016-10-18 14:45:57');
INSERT INTO `u_operation` VALUES ('102015100', '102010000', '1359', '用户详情', '0', '0', '0', 'user/load', '0', null, '用户详情', null, '1', '2016-10-18 14:45:57', '1', '2016-10-18 14:45:57');
INSERT INTO `u_operation` VALUES ('102015200', '102010000', '1359', '修改用户', '0', '0', '0', 'user/update', '0', null, '修改用户', null, '1', '2016-10-18 14:45:57', '1', '2016-10-18 14:45:57');
INSERT INTO `u_operation` VALUES ('102015300', '102010000', '1359', '添加用户', '0', '0', '0', 'user/add', '0', null, '添加用户', null, '1', '2016-10-18 14:45:57', '1', '2016-10-18 14:45:57');
INSERT INTO `u_operation` VALUES ('102015400', '102010000', '1359', '删除用户', '0', '0', '0', 'user/remove', '0', null, '删除用户', null, '1', '2016-10-18 14:45:57', '1', '2016-10-18 14:45:57');
INSERT INTO `u_operation` VALUES ('102015500', '102010000', '1359', '启用/禁用用户', '0', '0', '0', 'user/openClose', '0', null, '启用/禁用用户', null, '1', '2016-10-18 14:45:57', '1', '2016-10-18 14:45:57');
INSERT INTO `u_operation` VALUES ('102015600', '102010000', '1359', '显示配置用户角色', '0', '0', '0', 'role/listByUserId', '0', null, '显示配置用户角色', null, '1', '2016-10-18 14:45:57', '1', '2016-10-18 14:45:57');
INSERT INTO `u_operation` VALUES ('102015700', '102010000', '1359', '配置用户角色', '0', '0', '0', 'role/cfgByUserId', '0', null, '配置用户角色', null, '1', '2016-10-18 14:45:57', '1', '2016-10-18 14:45:57');
INSERT INTO `u_operation` VALUES ('102015800', '102010000', '1359', '重置密码', '0', '0', '0', 'user/resetpwd', '0', null, '重置指定用户的密码', null, '1', '2016-10-18 14:45:57', '1', '2016-10-18 14:45:57');
INSERT INTO `u_operation` VALUES ('102020000', '102000000', '1359', '组织管理', '0', '0', '1', 'group', '0', null, '组织管理页面', null, '1', '2016-10-18 14:45:57', '1', '2016-10-18 14:45:57');
INSERT INTO `u_operation` VALUES ('102025000', '102020000', '1359', '组织列表', '0', '0', '0', 'group/list', '0', null, '组织列表', null, '1', '2016-10-18 14:45:57', '1', '2016-10-18 14:45:57');
INSERT INTO `u_operation` VALUES ('102025100', '102020000', '1359', '组织详情', '0', '0', '0', 'group/load', '0', null, '组织详情', null, '1', '2016-10-18 14:45:57', '1', '2016-10-18 14:45:57');
INSERT INTO `u_operation` VALUES ('102025200', '102020000', '1359', '修改组织', '0', '0', '0', 'group/update', '0', null, '修改组织', null, '1', '2016-10-18 14:45:57', '1', '2016-10-18 14:45:57');
INSERT INTO `u_operation` VALUES ('102025300', '102020000', '1359', '添加组织', '0', '0', '0', 'group/add', '0', null, '添加组织', null, '1', '2016-10-18 14:45:57', '1', '2016-10-18 14:45:57');
INSERT INTO `u_operation` VALUES ('102025400', '102020000', '1359', '删除组织', '0', '0', '0', 'group/remove', '0', null, '删除组织', null, '1', '2016-10-18 14:45:57', '1', '2016-10-18 14:45:57');
INSERT INTO `u_operation` VALUES ('102025500', '102020000', '1359', '启用/禁用组织', '0', '0', '0', 'group/openClose', '0', null, '启用/禁用组织', null, '1', '2016-10-18 14:45:57', '1', '2016-10-18 14:45:57');
INSERT INTO `u_operation` VALUES ('102025600', '102020000', '1359', '显示配置组织角色', '0', '0', '0', 'role/listByGroupId', '0', null, '显示配置组织角色', null, '1', '2016-10-18 14:45:57', '1', '2016-10-18 14:45:57');
INSERT INTO `u_operation` VALUES ('102025700', '102020000', '1359', '配置组织角色', '0', '0', '0', 'role/cfgByGroupId', '0', null, '配置组织角色', null, '1', '2016-10-18 14:45:57', '1', '2016-10-18 14:45:57');
INSERT INTO `u_operation` VALUES ('102030000', '102000000', '1359', '角色管理', '0', '0', '1', 'role', '0', null, '角色管理页面', null, '1', '2016-10-18 14:45:57', '1', '2016-10-18 14:45:57');
INSERT INTO `u_operation` VALUES ('102035000', '102030000', '1359', '角色列表', '0', '0', '0', 'role/list', '0', null, '角色列表', null, '1', '2016-10-18 14:45:57', '1', '2016-10-18 14:45:57');
INSERT INTO `u_operation` VALUES ('102035100', '102030000', '1359', '角色详情', '0', '0', '0', 'role/load', '0', null, '角色详情', null, '1', '2016-10-18 14:45:57', '1', '2016-10-18 14:45:57');
INSERT INTO `u_operation` VALUES ('102035200', '102030000', '1359', '修改角色', '0', '0', '0', 'role/update', '0', null, '修改角色', null, '1', '2016-10-18 14:45:57', '1', '2016-10-18 14:45:57');
INSERT INTO `u_operation` VALUES ('102035300', '102030000', '1359', '添加角色', '0', '0', '0', 'role/add', '0', null, '添加角色', null, '1', '2016-10-18 14:45:57', '1', '2016-10-18 14:45:57');
INSERT INTO `u_operation` VALUES ('102035400', '102030000', '1359', '删除角色', '0', '0', '0', 'role/remove', '0', null, '删除角色', null, '1', '2016-10-18 14:45:57', '1', '2016-10-18 14:45:57');
INSERT INTO `u_operation` VALUES ('102035500', '102030000', '1359', '启用/禁用角色', '0', '0', '0', 'role/openClose', '0', null, '启用/禁用角色', null, '1', '2016-10-18 14:45:57', '1', '2016-10-18 14:45:57');
INSERT INTO `u_operation` VALUES ('102035600', '102030000', '1359', '显示角色授权', '0', '0', '0', 'operation/cfgOperationByRoleId', '0', null, '显示角色授权', null, '1', '2016-10-18 14:45:57', '1', '2016-10-18 14:45:57');
INSERT INTO `u_operation` VALUES ('102035700', '102030000', '1359', '角色授权', '0', '0', '0', 'operation/addOperationsOfRole', '0', null, '角色授权', null, '1', '2016-10-18 14:45:57', '1', '2016-10-18 14:45:57');
INSERT INTO `u_operation` VALUES ('102040000', '102000000', '1359', '权限管理', '0', '0', '1', 'operation', '0', null, '权限管理页面', null, '1', '2016-10-18 14:45:57', '1', '2016-10-18 14:45:57');
INSERT INTO `u_operation` VALUES ('102045000', '102040000', '1359', '权限列表', '0', '0', '0', 'operation/list', '0', null, '权限列表', null, '1', '2016-10-18 14:45:57', '1', '2016-10-18 14:45:57');
INSERT INTO `u_operation` VALUES ('102045100', '102040000', '1359', '权限详情', '0', '0', '0', 'operation/load', '0', null, '权限详情', null, '1', '2016-10-18 14:45:57', '1', '2016-10-18 14:45:57');
INSERT INTO `u_operation` VALUES ('102045200', '102040000', '1359', '修改权限', '0', '0', '0', 'operation/update', '0', null, '修改权限', null, '1', '2016-10-18 14:45:57', '1', '2016-10-18 14:45:57');
INSERT INTO `u_operation` VALUES ('102045300', '102040000', '1359', '添加权限', '0', '0', '0', 'operation/add', '0', null, '添加权限', null, '1', '2016-10-18 14:45:57', '1', '2016-10-18 14:45:57');
INSERT INTO `u_operation` VALUES ('102045400', '102040000', '1359', '删除权限', '0', '0', '0', 'operation/remove', '0', null, '删除权限', null, '1', '2016-10-18 14:45:57', '1', '2016-10-18 14:45:57');
INSERT INTO `u_operation` VALUES ('102045500', '102040000', '1359', '启用/禁用权限', '0', '0', '0', 'operation/openClose', '0', null, '启用/禁用权限', null, '1', '2016-10-18 14:45:57', '1', '2016-10-18 14:45:57');
INSERT INTO `u_operation` VALUES ('102045600', '102040000', '1359', '导入权限', '0', '0', '0', 'operation/imports', '0', null, '导入权限', null, '1', '2016-10-18 14:45:57', '1', '2016-10-18 14:45:57');
INSERT INTO `u_operation` VALUES ('102045700', '102040000', '1359', '导出权限', '0', '0', '0', 'operation/exports', '0', null, '导出权限', null, '1', '2016-10-18 14:45:57', '1', '2016-10-18 14:45:57');
INSERT INTO `u_operation` VALUES ('201000000', null, '5859', '系统管理', '0', '0', '1', null, '0', 'fa fa-cogs', '系统管理', null, '1', '2016-10-28 10:09:51', '1', '2016-10-28 10:09:51');
INSERT INTO `u_operation` VALUES ('201010000', '201000000', '5859', '生成策略管理', '0', '0', '1', 'generator', '0', null, '生成策略管理页面', null, '1', '2016-10-28 10:09:51', '1', '2016-10-28 10:09:51');
INSERT INTO `u_operation` VALUES ('201015000', '201010000', '5859', '生成策略列表', '0', '0', '0', 'generator/list', '0', null, '生成策略列表', null, '1', '2016-10-28 10:09:51', '1', '2016-10-28 10:09:51');
INSERT INTO `u_operation` VALUES ('201015100', '201010000', '5859', '生成策略详情', '0', '0', '0', 'generator/load', '0', null, '生成策略详情', null, '1', '2016-10-28 10:09:51', '1', '2016-10-28 10:09:51');
INSERT INTO `u_operation` VALUES ('201015200', '201010000', '5859', '修改生成策略', '0', '0', '0', 'generator/update', '0', null, '修改生成策略', null, '1', '2016-10-28 10:09:51', '1', '2016-10-28 10:09:51');
INSERT INTO `u_operation` VALUES ('201020000', '201000000', '5859', '合作商管理', '0', '0', '1', 'partner', '0', null, '合作商管理页面', null, '1', '2016-10-28 10:09:51', '1', '2016-10-28 10:09:51');
INSERT INTO `u_operation` VALUES ('201025000', '201020000', '5859', '合作商列表', '0', '0', '0', 'partner/list', '0', null, '合作商列表', null, '1', '2016-10-28 10:09:51', '1', '2016-10-28 10:09:51');
INSERT INTO `u_operation` VALUES ('201025100', '201020000', '5859', '合作商详情', '0', '0', '0', 'partner/load', '0', null, '合作商详情', null, '1', '2016-10-28 10:09:51', '1', '2016-10-28 10:09:51');
INSERT INTO `u_operation` VALUES ('201025200', '201020000', '5859', '修改合作商', '0', '0', '0', 'partner/update', '0', null, '修改合作商', null, '1', '2016-10-28 10:09:51', '1', '2016-10-28 10:09:51');
INSERT INTO `u_operation` VALUES ('201025300', '201020000', '5859', '删除合作商', '0', '0', '0', 'partner/remove', '0', null, '删除合作商', null, '1', '2016-10-28 10:09:51', '1', '2016-10-28 10:09:51');
INSERT INTO `u_operation` VALUES ('201025400', '201020000', '5859', '启用/禁用合作商', '0', '0', '0', 'partner/openClose', '0', null, '启用/禁用合作商', null, '1', '2016-10-28 10:09:51', '1', '2016-10-28 10:09:51');

-- ----------------------------
-- Table structure for u_role
-- ----------------------------
DROP TABLE IF EXISTS `u_role`;
CREATE TABLE `u_role` (
  `id` int(9) NOT NULL COMMENT '主键',
  `name` varchar(32) NOT NULL COMMENT '角色名',
  `sort` int(9) NOT NULL COMMENT '排序值',
  `status` int(1) NOT NULL COMMENT '状态',
  `deleted` int(1) NOT NULL COMMENT '是否删除',
  `description` varchar(512) DEFAULT NULL COMMENT '描述',
  `remark` varchar(512) DEFAULT NULL COMMENT '备注',
  `creator` varchar(32) NOT NULL COMMENT '创建人',
  `createTime` datetime NOT NULL COMMENT '创建时间',
  `modifier` varchar(32) NOT NULL COMMENT '修改人',
  `modifyTime` datetime NOT NULL COMMENT '修改时间',
  PRIMARY KEY (`id`)
) ENGINE=InnoDB DEFAULT CHARSET=utf8 COMMENT='角色 - 角色';

-- ----------------------------
-- Records of u_role
-- ----------------------------
INSERT INTO `u_role` VALUES ('1359', '市场营销', '0', '0', '0', ' ', ' ', 'a162y', '2015-03-25 14:43:36', 'a162y', '2015-03-25 14:43:36');
INSERT INTO `u_role` VALUES ('1361', '商家管理员', '0', '0', '0', ' ', ' ', '1', '2015-03-26 14:20:54', '1', '2016-07-22 18:35:24');
INSERT INTO `u_role` VALUES ('3859', '管理员', '9', '0', '0', 'xxx', null, '1', '2015-04-08 15:27:05', '0', '2016-10-19 10:06:23');
INSERT INTO `u_role` VALUES ('8859', 'test', '9', '0', '1', 'xxx', null, '1', '2016-10-03 13:38:50', 'a162y', '2016-10-20 00:04:52');
INSERT INTO `u_role` VALUES ('10359', 'test', '0', '0', '0', '2', '2', '1', '2016-11-01 22:42:37', '1', '2016-11-01 22:42:44');

-- ----------------------------
-- Table structure for u_role_operation
-- ----------------------------
DROP TABLE IF EXISTS `u_role_operation`;
CREATE TABLE `u_role_operation` (
  `roleId` int(9) NOT NULL COMMENT '角色ID',
  `operationId` bigint(18) NOT NULL COMMENT '权限ID',
  `creator` varchar(32) NOT NULL COMMENT '创建人',
  `createTime` datetime NOT NULL COMMENT '创建时间',
  PRIMARY KEY (`roleId`,`operationId`)
) ENGINE=InnoDB DEFAULT CHARSET=utf8 COMMENT='角色权限 - 角色与权限的对应关系';

-- ----------------------------
-- Records of u_role_operation
-- ----------------------------
INSERT INTO `u_role_operation` VALUES ('3859', '101000000', '1', '2016-11-03 21:14:38');
INSERT INTO `u_role_operation` VALUES ('3859', '101010000', '1', '2016-11-03 21:14:38');
INSERT INTO `u_role_operation` VALUES ('3859', '101015000', '1', '2016-11-03 21:14:38');
INSERT INTO `u_role_operation` VALUES ('3859', '101015100', '1', '2016-11-03 21:14:38');
INSERT INTO `u_role_operation` VALUES ('3859', '101015200', '1', '2016-11-03 21:14:38');
INSERT INTO `u_role_operation` VALUES ('3859', '101020000', '1', '2016-11-03 21:14:38');
INSERT INTO `u_role_operation` VALUES ('3859', '101025000', '1', '2016-11-03 21:14:38');
INSERT INTO `u_role_operation` VALUES ('3859', '101025100', '1', '2016-11-03 21:14:38');
INSERT INTO `u_role_operation` VALUES ('3859', '101025200', '1', '2016-11-03 21:14:38');
INSERT INTO `u_role_operation` VALUES ('3859', '101025300', '1', '2016-11-03 21:14:38');
INSERT INTO `u_role_operation` VALUES ('3859', '101025400', '1', '2016-11-03 21:14:38');
INSERT INTO `u_role_operation` VALUES ('3859', '101030000', '1', '2016-11-03 21:14:38');
INSERT INTO `u_role_operation` VALUES ('3859', '101035000', '1', '2016-11-03 21:14:38');
INSERT INTO `u_role_operation` VALUES ('3859', '101035100', '1', '2016-11-03 21:14:38');
INSERT INTO `u_role_operation` VALUES ('3859', '101035200', '1', '2016-11-03 21:14:38');
INSERT INTO `u_role_operation` VALUES ('3859', '101040000', '1', '2016-11-03 21:14:38');
INSERT INTO `u_role_operation` VALUES ('3859', '101045000', '1', '2016-11-03 21:14:38');
INSERT INTO `u_role_operation` VALUES ('3859', '101045100', '1', '2016-11-03 21:14:38');
INSERT INTO `u_role_operation` VALUES ('3859', '101045200', '1', '2016-11-03 21:14:38');
INSERT INTO `u_role_operation` VALUES ('3859', '101045300', '1', '2016-11-03 21:14:38');
INSERT INTO `u_role_operation` VALUES ('3859', '101045400', '1', '2016-11-03 21:14:38');
INSERT INTO `u_role_operation` VALUES ('3859', '102000000', '1', '2016-11-03 21:14:38');
INSERT INTO `u_role_operation` VALUES ('3859', '102010000', '1', '2016-11-03 21:14:38');
INSERT INTO `u_role_operation` VALUES ('3859', '102015000', '1', '2016-11-03 21:14:38');
INSERT INTO `u_role_operation` VALUES ('3859', '102015100', '1', '2016-11-03 21:14:38');
INSERT INTO `u_role_operation` VALUES ('3859', '102015200', '1', '2016-11-03 21:14:38');
INSERT INTO `u_role_operation` VALUES ('3859', '102015300', '1', '2016-11-03 21:14:38');
INSERT INTO `u_role_operation` VALUES ('3859', '102015400', '1', '2016-11-03 21:14:38');
INSERT INTO `u_role_operation` VALUES ('3859', '102015500', '1', '2016-11-03 21:14:38');
INSERT INTO `u_role_operation` VALUES ('3859', '102015600', '1', '2016-11-03 21:14:38');
INSERT INTO `u_role_operation` VALUES ('3859', '102015700', '1', '2016-11-03 21:14:38');
INSERT INTO `u_role_operation` VALUES ('3859', '102015800', '1', '2016-11-03 21:14:38');
INSERT INTO `u_role_operation` VALUES ('3859', '102020000', '1', '2016-11-03 21:14:38');
INSERT INTO `u_role_operation` VALUES ('3859', '102025000', '1', '2016-11-03 21:14:38');
INSERT INTO `u_role_operation` VALUES ('3859', '102025100', '1', '2016-11-03 21:14:38');
INSERT INTO `u_role_operation` VALUES ('3859', '102025200', '1', '2016-11-03 21:14:38');
INSERT INTO `u_role_operation` VALUES ('3859', '102025300', '1', '2016-11-03 21:14:38');
INSERT INTO `u_role_operation` VALUES ('3859', '102025400', '1', '2016-11-03 21:14:38');
INSERT INTO `u_role_operation` VALUES ('3859', '102025500', '1', '2016-11-03 21:14:38');
INSERT INTO `u_role_operation` VALUES ('3859', '102025600', '1', '2016-11-03 21:14:38');
INSERT INTO `u_role_operation` VALUES ('3859', '102025700', '1', '2016-11-03 21:14:38');
INSERT INTO `u_role_operation` VALUES ('3859', '102030000', '1', '2016-11-03 21:14:38');
INSERT INTO `u_role_operation` VALUES ('3859', '102035000', '1', '2016-11-03 21:14:38');
INSERT INTO `u_role_operation` VALUES ('3859', '102035100', '1', '2016-11-03 21:14:39');
INSERT INTO `u_role_operation` VALUES ('3859', '102035200', '1', '2016-11-03 21:14:38');
INSERT INTO `u_role_operation` VALUES ('3859', '102035300', '1', '2016-11-03 21:14:38');
INSERT INTO `u_role_operation` VALUES ('3859', '102035400', '1', '2016-11-03 21:14:39');
INSERT INTO `u_role_operation` VALUES ('3859', '102035500', '1', '2016-11-03 21:14:38');
INSERT INTO `u_role_operation` VALUES ('3859', '102035600', '1', '2016-11-03 21:14:38');
INSERT INTO `u_role_operation` VALUES ('3859', '102035700', '1', '2016-11-03 21:14:39');
INSERT INTO `u_role_operation` VALUES ('3859', '102040000', '1', '2016-11-03 21:14:39');
INSERT INTO `u_role_operation` VALUES ('3859', '102045000', '1', '2016-11-03 21:14:39');
INSERT INTO `u_role_operation` VALUES ('3859', '102045100', '1', '2016-11-03 21:14:39');
INSERT INTO `u_role_operation` VALUES ('3859', '102045200', '1', '2016-11-03 21:14:39');
INSERT INTO `u_role_operation` VALUES ('3859', '102045300', '1', '2016-11-03 21:14:39');
INSERT INTO `u_role_operation` VALUES ('3859', '102045400', '1', '2016-11-03 21:14:39');
INSERT INTO `u_role_operation` VALUES ('3859', '102045500', '1', '2016-11-03 21:14:39');
INSERT INTO `u_role_operation` VALUES ('3859', '102045600', '1', '2016-11-03 21:14:39');
INSERT INTO `u_role_operation` VALUES ('3859', '102045700', '1', '2016-11-03 21:14:39');
INSERT INTO `u_role_operation` VALUES ('3859', '201000000', '1', '2016-11-03 21:14:39');
INSERT INTO `u_role_operation` VALUES ('3859', '201010000', '1', '2016-11-03 21:14:39');
INSERT INTO `u_role_operation` VALUES ('3859', '201015000', '1', '2016-11-03 21:14:39');
INSERT INTO `u_role_operation` VALUES ('3859', '201015100', '1', '2016-11-03 21:14:39');
INSERT INTO `u_role_operation` VALUES ('3859', '201015200', '1', '2016-11-03 21:14:39');
INSERT INTO `u_role_operation` VALUES ('3859', '201020000', '1', '2016-11-03 21:14:39');
INSERT INTO `u_role_operation` VALUES ('3859', '201025000', '1', '2016-11-03 21:14:39');
INSERT INTO `u_role_operation` VALUES ('3859', '201025100', '1', '2016-11-03 21:14:39');
INSERT INTO `u_role_operation` VALUES ('3859', '201025200', '1', '2016-11-03 21:14:39');
INSERT INTO `u_role_operation` VALUES ('3859', '201025300', '1', '2016-11-03 21:14:39');
INSERT INTO `u_role_operation` VALUES ('3859', '201025400', '1', '2016-11-03 21:14:39');

-- ----------------------------
-- Table structure for u_role_project
-- ----------------------------
DROP TABLE IF EXISTS `u_role_project`;
CREATE TABLE `u_role_project` (
  `roleId` int(9) NOT NULL COMMENT '角色ID',
  `projectId` int(9) NOT NULL COMMENT '项目ID',
  `creator` varchar(32) NOT NULL COMMENT '创建人',
  `createTime` datetime NOT NULL COMMENT '创建时间',
  PRIMARY KEY (`roleId`,`projectId`)
) ENGINE=InnoDB DEFAULT CHARSET=utf8 COMMENT='角色项目 - 角色与项目的对应关系';

-- ----------------------------
-- Records of u_role_project
-- ----------------------------
INSERT INTO `u_role_project` VALUES ('3859', '1359', '1', '2016-11-03 21:14:39');
INSERT INTO `u_role_project` VALUES ('3859', '5859', '1', '2016-11-03 21:14:39');
INSERT INTO `u_role_project` VALUES ('8859', '1359', '1', '2016-10-03 13:39:15');

-- ----------------------------
-- Table structure for u_user
-- ----------------------------
DROP TABLE IF EXISTS `u_user`;
CREATE TABLE `u_user` (
  `id` varchar(32) NOT NULL COMMENT '主键',
  `groupId` int(9) DEFAULT NULL COMMENT '用户组ID',
  `userNo` varchar(32) DEFAULT NULL COMMENT '员工编号',
  `username` varchar(32) NOT NULL COMMENT '用户名',
  `nickname` varchar(32) NOT NULL COMMENT '昵称',
  `password` varchar(32) NOT NULL COMMENT '密码',
  `realname` varchar(32) DEFAULT NULL COMMENT '真实姓名',
  `status` int(1) NOT NULL COMMENT '状态',
  `deleted` int(1) NOT NULL COMMENT '是否删除',
  `isSuperAdmin` int(1) NOT NULL COMMENT '是否是超级管理员 - 超级管理员具备任何权限',
  `pic` varchar(512) DEFAULT NULL COMMENT '用户头像',
  `sort` int(9) NOT NULL COMMENT '排序值',
  `gender` int(1) DEFAULT NULL COMMENT '性别',
  `email` varchar(512) DEFAULT NULL COMMENT '邮箱',
  `mobile` varchar(32) DEFAULT NULL COMMENT '手机号',
  `loginFail` int(9) NOT NULL DEFAULT '0' COMMENT '错误登陆 - 连续错误登陆次数，正确登录后清零',
  `creator` varchar(32) NOT NULL COMMENT '创建人',
  `createTime` datetime NOT NULL COMMENT '创建时间',
  `modifier` varchar(32) NOT NULL COMMENT '修改人',
  `modifyTime` datetime NOT NULL COMMENT '修改时间',
  PRIMARY KEY (`id`)
) ENGINE=InnoDB DEFAULT CHARSET=utf8 COMMENT='用户 - 用户登录后台的用户';

-- ----------------------------
-- Records of u_user
-- ----------------------------
INSERT INTO `u_user` VALUES ('1', null, '1', 'superadmin', '超级管理员', '96e79218965eb72c92a549dd5a330112', '超级管理员', '0', '0', '1', null, '1000', '0', null, null, '0', '0', '2015-02-02 12:35:12', '1', '2016-09-16 00:38:04');
INSERT INTO `u_user` VALUES ('a15b7', null, '12321', 'test', 'test', '96e79218965eb72c92a549dd5a330112', 'user', '0', '1', '0', null, '34', '0', null, null, '0', '1', '2015-03-04 15:57:53', '1', '2015-03-04 16:01:18');
INSERT INTO `u_user` VALUES ('a162y', '360', '', 'admin', '管理员', '96e79218965eb72c92a549dd5a330112', null, '0', '0', '0', null, '2', null, null, null, '0', '1', '2015-03-09 13:17:43', '1', '2016-10-03 13:47:20');

-- ----------------------------
-- Table structure for u_user_role
-- ----------------------------
DROP TABLE IF EXISTS `u_user_role`;
CREATE TABLE `u_user_role` (
  `userId` varchar(32) NOT NULL COMMENT '用户ID',
  `roleId` int(9) NOT NULL COMMENT '角色ID',
  `creator` varchar(32) NOT NULL COMMENT '创建人',
  `createTime` datetime NOT NULL COMMENT '创建时间',
  PRIMARY KEY (`userId`,`roleId`)
) ENGINE=InnoDB DEFAULT CHARSET=utf8 COMMENT='用户角色 - 用户与角色的对应关系';

-- ----------------------------
-- Records of u_user_role
-- ----------------------------
INSERT INTO `u_user_role` VALUES ('a162y', '3859', '1', '2016-10-18 16:13:54');
